track_id,track_name,artist,artist_id,album,album_id,album_releasedate,track_popularity,duration,danceability,energy,key,loudness,mode,speechiness,acousticness,instrumentalness,liveness,valence,tempo,artist_genres,artist_popularity,playlist_id,playlist_name,playlist_owner,playlist_owner_id,duration_min,translated_key,year_released
3AJwUDP919kvQ9QcozQPxg,Yellow,Coldplay,4gzpq5DPGxSnKTe4SA8HAU,Parachutes,6ZG5lRT77aJ3btmArcykra,7/10/2000,89,266773,0.429,0.661,11,-7.227,1,0.0281,0.00239,0.000121,0.234,0.285,173.372,permanent wave | pop,84,2N9pjdn0Bpl39UzB7WqQHZ,Test Playlist,Quoc-Anh Duong,1214868237,4.45,B,2000
1DIXPcTDzTj8ZMHt3PDt8p,Gangsta's Paradise,Coolio,3y24n3XhZ96wgwRXjvS17T,Gangsta's Paradise,0BJYNipGyMrw4ngKDJXzXZ,11/7/1995,85,240693,0.647,0.514,8,-10.05,1,0.0593,0.0655,0,0.398,0.386,79.975,g funk | gangster rap | hip hop | west coast rap,64,2N9pjdn0Bpl39UzB7WqQHZ,Test Playlist,Quoc-Anh Duong,1214868237,4.01,G#,1995
0F7FA14euOIX8KcbEturGH,Old Town Road,Lil Nas X,7jVv8c5Fj3E9VhNjxT4snq,7 EP,4IRiXE5NROxknUSAUSjMoO,6/21/2019,74,113000,0.907,0.53,1,-6.112,1,0.127,0.0578,2.23E-06,0.101,0.507,135.998,lgbtq+ hip hop,72,2N9pjdn0Bpl39UzB7WqQHZ,Test Playlist,Quoc-Anh Duong,1214868237,1.88,C#,2019
1DfGPEHxTYeaJpiNA4xUb5,Für Elise,Ludwig van Beethoven,2wOqMjp9TyABvtHdOSOTUS,Classical Best Of,1SkmA5emGHKMJva7baN4lq,3/1/2009,58,173000,0.25,0.0163,9,-36.423,0,0.0442,0.995,0.899,0.0767,0.306,144.193,classical | classical era | early romantic era | german romanticism,68,2N9pjdn0Bpl39UzB7WqQHZ,Test Playlist,Quoc-Anh Duong,1214868237,2.88,Am,2009
0VjIjW4GlUZAMYd2vXMi3b,Blinding Lights,The Weeknd,1Xyo4u8uXC1ZmMpatF05PJ,After Hours,4yP0hdKOZPNshxUOjY0cZj,3/20/2020,90,200040,0.513,0.73,1,-5.94,1,0.0598,0.00143,9.54E-05,0.0897,0.334,171.001,canadian contemporary r&b | canadian pop | pop,91,2N9pjdn0Bpl39UzB7WqQHZ,Test Playlist,Quoc-Anh Duong,1214868237,3.33,C#,2020
47BBI51FKFwOMlIiX6m8ya,I Want It That Way,Backstreet Boys,5rSXSAkZ67PYJSvpUpkOr7,Millennium,5ySxm9hxBNss01WCL7GLyQ,5/18/1999,82,213306,0.689,0.694,6,-5.83,0,0.027,0.257,0,0.148,0.482,99.039,boy band | dance pop | pop,71,2N9pjdn0Bpl39UzB7WqQHZ,Test Playlist,Quoc-Anh Duong,1214868237,3.56,F#m,1999
7FbrGaHYVDmfr7KoLIZnQ7,Cupid - Twin Ver.,FIFTY FIFTY,4GJ6xDCF5jaUqD6avOuQT6,The Beginning: Cupid,5letLUZIFsQikJYShfGNs4,2/24/2023,70,174253,0.783,0.592,11,-8.332,0,0.0331,0.435,4.15E-06,0.347,0.726,120.018,k-pop girl group,64,2N9pjdn0Bpl39UzB7WqQHZ,Test Playlist,Quoc-Anh Duong,1214868237,2.9,Bm,2023
6gpcs5eMhJwax4mIfKDYQk,Slide (feat. Frank Ocean & Migos),Calvin Harris,7CajNmpbOovFoOoasH2HaY,Slide (feat. Frank Ocean & Migos),1UIlzhqJLiA3f6OVw7QKn6,2/24/2017,71,230813,0.736,0.795,1,-3.299,0,0.0545,0.498,1.21E-06,0.254,0.511,104.066,dance pop | edm | electro house | house | pop | pop dance | progressive house | uk dance,83,2N9pjdn0Bpl39UzB7WqQHZ,Test Playlist,Quoc-Anh Duong,1214868237,3.85,C#m,2017
7DSAEUvxU8FajXtRloy8M0,Flowers,Miley Cyrus,5YGY8feqx7naU7z4HrwZM6,Endless Summer Vacation,5DvJgsMLbaR1HmAI6VhfcQ,8/18/2023,91,200600,0.706,0.691,0,-4.775,1,0.0633,0.0584,6.99E-05,0.0232,0.632,118.048,pop,81,2N9pjdn0Bpl39UzB7WqQHZ,Test Playlist,Quoc-Anh Duong,1214868237,3.34,C,2023
1c8gk2PeTE04A1pIDH9YMk,Rolling in the Deep,Adele,4dpARuHxo51G3z768sgnrY,21,0Lg1uZvI312TPqxNWShFXL,1/24/2011,79,228093,0.73,0.769,8,-5.114,1,0.0298,0.138,0,0.0473,0.507,104.948,british soul | pop | pop soul | uk pop,81,2N9pjdn0Bpl39UzB7WqQHZ,Test Playlist,Quoc-Anh Duong,1214868237,3.8,G#,2011
1H5tvpoApNDxvxDexoaAUo,Who Let The Dogs Out,Baha Men,67FFKYikvTlvsPNk4NPOYJ,Who Let The Dogs Out,44UH34qoCNNfEqo0VnOkGd,2000,66,198400,0.869,0.887,0,-4.505,1,0.0992,0.0605,0,0.148,0.784,129.223,bahamian pop,46,2N9pjdn0Bpl39UzB7WqQHZ,Test Playlist,Quoc-Anh Duong,1214868237,3.31,C,2000
4w1lzcaoZ1IC2K5TwjalRP,A Thousand Miles,Vanessa Carlton,5ILrArfIV0tMURcHJN8Q07,Be Not Nobody,5e7T2qUigzt0oIr50KsOld,4/30/2002,78,237493,0.56,0.825,11,-3.862,1,0.0379,0.323,0,0.161,0.268,94.931,lilith | neo mellow | piano rock | pop rock | post-teen pop,60,2N9pjdn0Bpl39UzB7WqQHZ,Test Playlist,Quoc-Anh Duong,1214868237,3.96,B,2002
1fu5IQSRgPxJL2OTP7FVLW,I See Fire,Ed Sheeran,6eUKZXaKkcviH0Ku9w2n3V,The Hobbit: The Desolation of Smaug (Original Motion Picture Soundtrack),6KX0qrnnPlmBrI2BEXJV9Q,12/10/2013,72,300746,0.633,0.0519,10,-21.107,0,0.0365,0.562,0,0.097,0.204,76.034,pop | singer-songwriter pop | uk pop,84,2N9pjdn0Bpl39UzB7WqQHZ,Test Playlist,Quoc-Anh Duong,1214868237,5.01,A#m,2013
5ghIJDpPoe3CfHMGu71E6T,Smells Like Teen Spirit,Nirvana,6olE6TJLqED3rqDCT0FyPh,Nevermind (Remastered),2guirTSEqLizK7j9i1MTTZ,9/26/1991,79,301920,0.502,0.912,1,-4.556,1,0.0564,2.55E-05,0.000173,0.106,0.72,116.761,grunge | permanent wave | rock,78,2N9pjdn0Bpl39UzB7WqQHZ,Test Playlist,Quoc-Anh Duong,1214868237,5.03,C#,1991
40riOy7x9W7GXjyGp4pjAv,Hotel California - 2013 Remaster,Eagles,0ECwFtbIWEVNwjlrfc6xoL,Hotel California (2013 Remaster),2widuo17g5CEC66IbzveRu,12/8/1976,84,391376,0.579,0.508,2,-9.484,1,0.027,0.00574,0.000494,0.0575,0.609,147.125,album rock | classic rock | heartland rock | mellow gold | rock | soft rock | yacht rock,72,2N9pjdn0Bpl39UzB7WqQHZ,Test Playlist,Quoc-Anh Duong,1214868237,6.52,D,1976
7795WJLVKJoAyVoOtCWqXN,I'm Not The Only One,Sam Smith,2wY79sveU1sp5g7SokKOiI,In The Lonely Hour,08jWgM4vSkTose4blKBWov,5/26/2014,84,239316,0.678,0.484,5,-5.795,1,0.0361,0.529,2.01E-05,0.0766,0.493,82.004,pop | uk pop,80,2N9pjdn0Bpl39UzB7WqQHZ,Test Playlist,Quoc-Anh Duong,1214868237,3.99,F,2014
1BxfuPKGuaTgP7aM0Bbdwr,Cruel Summer,Taylor Swift,06HL4z0CvFAxyc27GXpf02,Lover,1NAmidJlEaVgA3MpcPFYGq,8/23/2019,95,178426,0.552,0.702,9,-5.707,1,0.157,0.117,2.06E-05,0.105,0.564,169.994,pop,100,2N9pjdn0Bpl39UzB7WqQHZ,Test Playlist,Quoc-Anh Duong,1214868237,2.97,A,2019
3yfqSUWxFvZELEM4PmlwIR,The Real Slim Shady,Eminem,7dGJo4pcD2V6oG8kP0tJRR,The Marshall Mathers LP,6t7956yu5zYf5A829XRiHC,5/23/2000,86,284200,0.949,0.661,5,-4.244,0,0.0572,0.0302,0,0.0454,0.76,104.504,detroit hip hop | hip hop | rap,86,2N9pjdn0Bpl39UzB7WqQHZ,Test Playlist,Quoc-Anh Duong,1214868237,4.74,Fm,2000
1zB4vmk8tFRmM9UULNzbLB,Thunder,Imagine Dragons,53XhwfbYqKCa1cC15pYq2q,Evolve,33pt9HBdGlAbRGBHQgsZsU,6/23/2017,86,187146,0.604,0.822,0,-4.833,1,0.0438,0.00672,0.134,0.147,0.288,167.997,modern rock | pop | rock,84,2N9pjdn0Bpl39UzB7WqQHZ,Test Playlist,Quoc-Anh Duong,1214868237,3.12,C,2017
2tJulUYLDKOg9XrtVkMgcJ,Grenade,Bruno Mars,0du5cEVh5yTK9QJze8zA0C,Doo-Wops & Hooligans,1uyf3l2d4XYwiEqAb7t7fX,10/5/2010,79,222091,0.704,0.558,2,-7.273,0,0.0542,0.148,0,0.107,0.245,110.444,dance pop | pop,85,2N9pjdn0Bpl39UzB7WqQHZ,Test Playlist,Quoc-Anh Duong,1214868237,3.7,Dm,2010
0VgkVdmE4gld66l8iyGjgx,Mask Off,Future,1RyvyyTE3xzB2ZywiAwp0i,FUTURE,17FBoXK1NU2rvJBbzdzw0r,6/30/2017,82,204600,0.833,0.434,2,-8.795,1,0.431,0.0102,0.0219,0.165,0.281,150.062,atl hip hop | hip hop | rap | southern hip hop | trap,90,2N9pjdn0Bpl39UzB7WqQHZ,Test Playlist,Quoc-Anh Duong,1214868237,3.41,D,2017
1zi7xx7UVEFkmKfv06H8x0,One Dance,Drake,3TVXtAsR1Inumwj472S9r4,Views,40GMAhriYJRO1rsY4YdrZb,5/6/2016,89,173986,0.792,0.625,1,-5.609,1,0.0536,0.00776,0.0018,0.329,0.37,103.967,canadian hip hop | canadian pop | hip hop | pop rap | rap,92,2N9pjdn0Bpl39UzB7WqQHZ,Test Playlist,Quoc-Anh Duong,1214868237,2.9,C#,2016
043bfUkTydw0xJ5JjOT91w,Don't You Worry Child,Swedish House Mafia,1h6Cn3P4NGzXbaXidqURXs,Until Now,4ljisoNarj0BpQSMIEv88L,1/1/2012,62,403493,0.632,0.88,2,-4.051,1,0.0463,0.0144,0.0021,0.118,0.338,129.007,edm | pop dance | progressive electro house,71,2N9pjdn0Bpl39UzB7WqQHZ,Test Playlist,Quoc-Anh Duong,1214868237,6.72,D,2012
7FXj7Qg3YorUxdrzvrcY25,Fly Me To The Moon - 2008 Remastered,Frank Sinatra,1Mxqyy3pSjf8kZZL4QVxS0,Nothing But The Best (2008 Remastered),3i67sGIVw8EBlgfSRv3Lj2,5/13/2008,66,147520,0.62,0.298,4,-12.269,0,0.0594,0.545,2.33E-06,0.0797,0.375,119.763,adult standards | easy listening | lounge,73,2N9pjdn0Bpl39UzB7WqQHZ,Test Playlist,Quoc-Anh Duong,1214868237,2.46,Em,2008
561jH07mF1jHuk7KlaeF0s,Mockingbird,Eminem,7dGJo4pcD2V6oG8kP0tJRR,Encore (Deluxe Version),1kTlYbs28MXw7hwO0NLYif,11/12/2004,87,250760,0.637,0.678,0,-3.798,1,0.266,0.209,0,0.156,0.254,84.039,detroit hip hop | hip hop | rap,86,2N9pjdn0Bpl39UzB7WqQHZ,Test Playlist,Quoc-Anh Duong,1214868237,4.18,C,2004
3RiPr603aXAoi4GHyXx0uy,Hymn for the Weekend,Coldplay,4gzpq5DPGxSnKTe4SA8HAU,A Head Full of Dreams,3cfAM8b8KqJRoIzt3zLKqw,12/4/2015,82,258266,0.491,0.693,0,-6.487,0,0.0377,0.211,6.92E-06,0.325,0.412,90.027,permanent wave | pop,84,2N9pjdn0Bpl39UzB7WqQHZ,Test Playlist,Quoc-Anh Duong,1214868237,4.3,Cm,2015
7BqHUALzNBTanL6OvsqmC1,Happier,Marshmello,64KEffDW9EtZ1y2vBYgq8T,Happier,2u4Yp2ADTKYPwFSBFL4ffa,8/17/2018,84,214289,0.687,0.792,5,-2.749,1,0.0452,0.191,0,0.167,0.671,100.011,brostep | edm | pop | progressive electro house,80,2N9pjdn0Bpl39UzB7WqQHZ,Test Playlist,Quoc-Anh Duong,1214868237,3.57,F,2018
3hS5RCp5EE1wUiiE7f8dM1,Go the Distance,Michael Bolton,6YHEMoNPbcheiWS2haGzkn,All That Matters,7IkFQ66wAlgoNTAKUyRXcw,11/4/1997,56,280640,0.363,0.435,2,-8.141,1,0.0307,0.399,0,0.219,0.148,125.892,soft rock,60,2N9pjdn0Bpl39UzB7WqQHZ,Test Playlist,Quoc-Anh Duong,1214868237,4.68,D,1997
4Sfa7hdVkqlM8UW5LsSY3F,Take a Walk,Passion Pit,7gjAu1qr5C2grXeQFFOGeh,Gossamer,14JU5SskmcyckE5I8PY6lv,7/23/2012,66,264493,0.566,0.755,11,-5.526,1,0.0368,0.0338,0,0.315,0.445,101.006,indie rock | indietronica | modern rock | neo-synthpop | shimmer pop,54,2N9pjdn0Bpl39UzB7WqQHZ,Test Playlist,Quoc-Anh Duong,1214868237,4.41,B,2012
58ge6dfP91o9oXMzq3XkIS,505,Arctic Monkeys,7Ln80lUS6He07XvHI8qqHH,Favourite Worst Nightmare (Standard Version),6rsQnwaoJHxXJRCDBPkBRw,4/24/2007,80,253586,0.52,0.852,0,-5.866,1,0.0543,0.00237,5.79E-05,0.0733,0.234,140.267,garage rock | modern rock | permanent wave | rock | sheffield indie,82,2N9pjdn0Bpl39UzB7WqQHZ,Test Playlist,Quoc-Anh Duong,1214868237,4.23,C,2007
4ut5G4rgB1ClpMTMfjoIuy,High On Life (feat. Bonn),Martin Garrix,60d24wfXkVzDSfLS6hyCjZ,High On Life (feat. Bonn),1GUfof1gHsqYjoHFym3aim,7/29/2018,69,230761,0.414,0.486,6,-6.431,0,0.0311,0.0129,0,0.111,0.368,128.038,dutch edm | edm | pop | pop dance | progressive house,72,2N9pjdn0Bpl39UzB7WqQHZ,Test Playlist,Quoc-Anh Duong,1214868237,3.85,F#m,2018
4jDmJ51x1o9NZB5Nxxc7gY,Careless Whisper,George Michael,19ra5tSw0tWufvUp8GotLo,Ladies And Gentlemen... The Best Of George Michael,3coLNlyStg9h7f8CZ103Rl,11/9/1998,83,300106,0.574,0.628,2,-8.815,0,0.036,0.13,0,0.271,0.803,153.119,new wave pop,70,2N9pjdn0Bpl39UzB7WqQHZ,Test Playlist,Quoc-Anh Duong,1214868237,5,Dm,1998
6VRhkROS2SZHGlp0pxndbJ,Bangarang (feat. Sirah),Skrillex,5he5w2lnU9x7JFhnwcekXX,Bangarang EP,5XJ2NeBxZP3HFM8VoBQEUe,12/27/2011,70,215253,0.716,0.972,7,-2.302,1,0.196,0.0145,3.22E-05,0.317,0.576,110.026,brostep | complextro | edm | electro | pop dance,73,2N9pjdn0Bpl39UzB7WqQHZ,Test Playlist,Quoc-Anh Duong,1214868237,3.59,G,2011
2BC8rOrlfw6dkZpbDtkoiO,Miracle,Above & Beyond,10gzBoINW3cLJfZUka8Zoe,Acoustic,2w9QEpndpkUoQ2dglFHmY3,1/28/2014,35,293833,0.513,0.386,7,-11.086,1,0.0297,0.638,4.25E-06,0.177,0.388,138.004,edm | progressive house | progressive trance | trance | uplifting trance,58,2N9pjdn0Bpl39UzB7WqQHZ,Test Playlist,Quoc-Anh Duong,1214868237,4.9,G,2014
086myS9r57YsLbJpU0TgK9,Why'd You Only Call Me When You're High?,Arctic Monkeys,7Ln80lUS6He07XvHI8qqHH,AM,78bpIziExqiI9qztvNFlQu,9/9/2013,87,161123,0.691,0.631,2,-6.478,1,0.0368,0.0483,1.13E-05,0.104,0.8,92.004,garage rock | modern rock | permanent wave | rock | sheffield indie,82,2N9pjdn0Bpl39UzB7WqQHZ,Test Playlist,Quoc-Anh Duong,1214868237,2.69,D,2013
3ZffCQKLFLUvYM59XKLbVm,Wake Me up When September Ends,Green Day,7oPftvlwr6VrsViSDV7fJY,American Idiot,5dN7F9DV0Qg1XRdIgW8rke,9/21/2004,77,285653,0.546,0.814,7,-5.146,1,0.0314,0.023,0,0.0972,0.146,104.98,modern rock | permanent wave | punk | rock,77,2N9pjdn0Bpl39UzB7WqQHZ,Test Playlist,Quoc-Anh Duong,1214868237,4.76,G,2004
5UaEBgRvUPFf5CEDhaTdp7,Mama Look at Me Now,Galantis,4sTQVOfp9vEMCemLw50sbu,Satisfied (feat. MAX) / Mama Look at Me Now,7sYMi1QPQnCL99k1VCaWTZ,7/13/2018,42,178131,0.59,0.678,10,-5.48,1,0.0384,0.0259,2.20E-05,0.0707,0.4,126.061,dance pop | edm | pop | pop dance,69,2N9pjdn0Bpl39UzB7WqQHZ,Test Playlist,Quoc-Anh Duong,1214868237,2.97,A#,2018
5VwSwu1zeiMGAjwe9nUmzZ,Million Years Ago,Adele,4dpARuHxo51G3z768sgnrY,25,0K4pIOOsfJ9lK8OjrZfXzd,6/24/2016,0,227066,0.721,0.273,1,-7.617,0,0.028,0.733,0,0.108,0.181,105.846,british soul | pop | pop soul | uk pop,81,2N9pjdn0Bpl39UzB7WqQHZ,Test Playlist,Quoc-Anh Duong,1214868237,3.78,C#m,2016
3LKDKU5ItvVwLINMQx0TDn,Tuesday Maybe (ABGT300JD),Way Out West,3HghjRl8Mo6OJWG0WElY2z,Journey To ABGT300,1xzFKPiAkIaEUP9UshYdyz,9/23/2018,4,390243,0.742,0.699,0,-9.68,1,0.0544,0.000388,0.877,0.112,0.489,123.014,classic progressive house | nu skool breaks | progressive house,31,2N9pjdn0Bpl39UzB7WqQHZ,Test Playlist,Quoc-Anh Duong,1214868237,6.5,C,2018
4Dvkj6JhhA12EX05fT7y2e,As It Was,Harry Styles,6KImCVD70vtIoJWnq6nGn3,Harry's House,5r36AJ6VOJtp00oxSkBZ5h,5/20/2022,91,167303,0.52,0.731,6,-5.338,0,0.0557,0.342,0.00101,0.311,0.662,173.93,pop,81,2N9pjdn0Bpl39UzB7WqQHZ,Test Playlist,Quoc-Anh Duong,1214868237,2.79,F#m,2022
09mEdoA6zrmBPgTEN5qXmN,Call Out My Name,The Weeknd,1Xyo4u8uXC1ZmMpatF05PJ,"My Dear Melancholy,",4qZBW3f2Q8y0k1A84d4iAO,3/30/2018,85,228373,0.461,0.593,1,-4.954,1,0.0356,0.165,0,0.307,0.174,134.165,canadian contemporary r&b | canadian pop | pop,91,2N9pjdn0Bpl39UzB7WqQHZ,Test Playlist,Quoc-Anh Duong,1214868237,3.81,C#,2018
37FXw5QGFN7uwwsLy8uAc0,We Don't Talk Anymore (feat. Selena Gomez),Charlie Puth,6VuMaDnrHyPL1p4EHjYLi7,Nine Track Mind,3kndSWeE2IYOrZEToZrHEV,1/29/2016,68,217706,0.728,0.563,1,-8.053,0,0.134,0.621,0,0.179,0.352,100.017,pop | viral pop,76,2N9pjdn0Bpl39UzB7WqQHZ,Test Playlist,Quoc-Anh Duong,1214868237,3.63,C#m,2016
3fDgxdcf0jeJgGiZJGUmyK,Ya Kidding,FISHER,1VJ0briNOlXRtJUAzoUJdt,Ya Kidding,3asXE8koS98nGPVDSPKe5e,6/30/2017,3,238080,0.813,0.983,1,-5.515,1,0.153,0.00177,0.546,0.502,0.77,125.007,australian house | house,72,2N9pjdn0Bpl39UzB7WqQHZ,Test Playlist,Quoc-Anh Duong,1214868237,3.97,C#,2017
18AXbzPzBS8Y3AkgSxzJPb,In The Air Tonight - 2015 Remastered,Phil Collins,4lxfqrEsLX6N1N4OCSkILp,Face Value (Deluxe Editon),1cM3r0WQZWNkCpEbmFjLln,1/1/1981,77,336453,0.446,0.239,0,-13.945,1,0.0316,0.551,4.10E-06,0.0697,0.298,189.507,rock drums | soft rock,72,2N9pjdn0Bpl39UzB7WqQHZ,Test Playlist,Quoc-Anh Duong,1214868237,5.61,C,1981
5PZ1AVGVhiTjj2S70D0GSM,Aguella,Sllash & Doppe,1mPUNeOkJql5onhKwqiLMj,Aguella,2v9FKexoPUoZY5w6VWkDhn,12/14/2018,41,210967,0.724,0.983,6,-4.857,0,0.0384,0.00167,0.876,0.309,0.357,124.025,deep tech house | funky tech house | tech house,40,2N9pjdn0Bpl39UzB7WqQHZ,Test Playlist,Quoc-Anh Duong,1214868237,3.52,F#m,2018
21jGcNKet2qwijlDFuPiPb,Circles,Post Malone,246dkjvS1zLTtiykXe5h60,Hollywood's Bleeding,4g1ZRSobMefqF6nelkgibi,9/6/2019,86,215280,0.695,0.763,0,-3.497,1,0.0396,0.189,0.00242,0.0863,0.551,120.042,dfw rap | melodic rap | pop | rap,87,2N9pjdn0Bpl39UzB7WqQHZ,Test Playlist,Quoc-Anh Duong,1214868237,3.59,C,2019
7Lf7oSEVdzZqTA0kEDSlS5,Cry Me a River,Justin Timberlake,31TPClRtHm23RisEBtV3X7,Justified,6QPkyl04rXwTGlGlcYaRoW,11/4/2002,77,288333,0.624,0.654,8,-6.582,0,0.183,0.577,0,0.104,0.564,73.898,dance pop | pop,79,2N9pjdn0Bpl39UzB7WqQHZ,Test Playlist,Quoc-Anh Duong,1214868237,4.81,G#m,2002
3B54sVLJ402zGa6Xm4YGNe,Unforgettable,French Montana,6vXTefBL93Dj5IqAWq6OTv,Jungle Rules,4c2p3TdN7NcQfCXyueCNnC,7/14/2017,87,233901,0.726,0.769,6,-5.043,1,0.123,0.0293,0.0101,0.104,0.733,97.985,hip hop | pop rap | rap | southern hip hop | trap,72,2N9pjdn0Bpl39UzB7WqQHZ,Test Playlist,Quoc-Anh Duong,1214868237,3.9,F#,2017
40y34WOWB1Sasi2dGEjSJN,Youth Of The Nation - 2021 Remaster,P.O.D.,6KO6G41BBLTDNYOLefWTMU,Satellite (Expanded Edition; 2021 Remaster),7fZcJiON0dNa4iE2miGmhw,9/3/2021,36,259196,0.564,0.898,8,-5.487,1,0.0724,0.00308,0.0134,0.382,0.405,97.971,alternative metal | funk metal | nu metal | rap metal | rap rock,58,2N9pjdn0Bpl39UzB7WqQHZ,Test Playlist,Quoc-Anh Duong,1214868237,4.32,G#,2021
6JH9yWhgbm0y9iAJhCslNc,Handlebars,Flobots,0rHiOzaAbw3cCp8D7yjyig,Fight With Tools,0Q7dUE51rPBQwszngVlqPG,1/1/2008,60,206813,0.704,0.571,5,-7.136,1,0.0969,0.0222,0,0.101,0.524,141.888,conscious hip hop | nerdcore,42,2N9pjdn0Bpl39UzB7WqQHZ,Test Playlist,Quoc-Anh Duong,1214868237,3.45,F,2008
7J1uxwnxfQLu4APicE5Rnj,Billie Jean,Michael Jackson,3fMbdgg4jU18AjLCKBhRSm,Thriller,2ANVost0y2y52ema1E9xAZ,11/30/1982,82,294226,0.932,0.457,11,-9.62,0,0.0541,0.0173,0.0436,0.0414,0.884,117.002,r&b | soul,79,2N9pjdn0Bpl39UzB7WqQHZ,Test Playlist,Quoc-Anh Duong,1214868237,4.9,Bm,1982
2Fxmhks0bxGSBdJ92vM42m,bad guy,Billie Eilish,6qqNVTkY8uBg9cP3Jd7DAH,"WHEN WE ALL FALL ASLEEP, WHERE DO WE GO?",0S0KGZnfBGSIssfF54WSJh,3/29/2019,82,194087,0.701,0.425,7,-10.965,1,0.375,0.328,0.13,0.1,0.562,135.128,art pop | pop,85,2N9pjdn0Bpl39UzB7WqQHZ,Test Playlist,Quoc-Anh Duong,1214868237,3.23,G,2019
3Pzh926pXggbMe2ZpXyMV7,Ain't No Rest for the Wicked,Cage The Elephant,26T3LtbuGT1Fu9m0eRq5X3,Cage The Elephant (Expanded Edition),7H814Cg8HV0qpoMheYbhNn,3/24/2009,78,175493,0.636,0.849,0,-7.075,1,0.106,0.0438,0,0.372,0.917,156.036,modern alternative rock | modern rock | pov: indie | punk blues | rock,71,2N9pjdn0Bpl39UzB7WqQHZ,Test Playlist,Quoc-Anh Duong,1214868237,2.92,C,2009
2GcypFJcULDmhmbqFdm9qi,do me right,brb.,2XBiI8PjCnjJ3XKWtiKcvc,relationshit,2VeUxfOnzVKks0UEX681m2,3/13/2020,60,178560,0.804,0.595,11,-8.65,0,0.0401,0.422,0.000118,0.0808,0.781,125.08,bedroom r&b | singaporean pop,54,2N9pjdn0Bpl39UzB7WqQHZ,Test Playlist,Quoc-Anh Duong,1214868237,2.98,Bm,2020
2SpEHTbUuebeLkgs9QB7Ue,Jolene,Dolly Parton,32vWCbZh0xZ4o9gkz4PsEU,Jolene,5DyOxuvdSmTSNAmkfcsBsj,2/4/1974,74,161533,0.674,0.537,1,-10.971,0,0.0363,0.566,0,0.131,0.809,110.578,classic country pop | country | country dawn,71,2N9pjdn0Bpl39UzB7WqQHZ,Test Playlist,Quoc-Anh Duong,1214868237,2.69,C#m,1974
0SiywuOBRcynK0uKGWdCnn,Bad Romance,Lady Gaga,1HY2Jd0NmPuamShAr6KMms,The Fame Monster (Deluxe Edition),6rePArBMb5nLWEaY9aQqL4,11/5/2009,83,294573,0.695,0.921,0,-3.752,1,0.0363,0.00314,5.26E-05,0.0842,0.714,119.007,art pop | dance pop | pop,81,2N9pjdn0Bpl39UzB7WqQHZ,Test Playlist,Quoc-Anh Duong,1214868237,4.91,C,2009
2VxeLyX666F8uXCJ0dZF8B,Shallow,Lady Gaga,1HY2Jd0NmPuamShAr6KMms,A Star Is Born Soundtrack,4sLtOBOzn4s3GDUv3c5oJD,10/5/2018,84,215733,0.577,0.385,7,-6.362,1,0.03,0.371,0,0.231,0.331,95.82,art pop | dance pop | pop,81,2N9pjdn0Bpl39UzB7WqQHZ,Test Playlist,Quoc-Anh Duong,1214868237,3.6,G,2018
6ECp64rv50XVz93WvxXMGF,This Love,Maroon 5,04gDigrS5kc9YWfZHwBETP,Songs About Jane: 10th Anniversary Edition,5zClcGCSWj926AMjvBNSLc,2002,84,206200,0.712,0.862,5,-4.612,0,0.0378,0.0525,0,0.093,0.809,95.051,pop,82,2N9pjdn0Bpl39UzB7WqQHZ,Test Playlist,Quoc-Anh Duong,1214868237,3.44,Fm,2002
2DlHlPMa4M17kufBvI2lEN,Chop Suey!,System Of A Down,5eAWCfyUhZtHHtBdNk56l1,Toxicity,6jWde94ln40epKIQCd8XUh,9/4/2001,85,210240,0.417,0.934,7,-3.908,0,0.119,0.000278,0.0015,0.132,0.287,127.066,alternative metal | nu metal | rap metal | rock,77,2N9pjdn0Bpl39UzB7WqQHZ,Test Playlist,Quoc-Anh Duong,1214868237,3.5,Gm,2001
4JiEyzf0Md7KEFFGWDDdCr,Knockin' On Heaven's Door,Guns N' Roses,3qm84nBOXUEQ2vnTfUTTFC,Use Your Illusion II,00eiw4KOJZ7eC3NBEpmH4C,9/18/1991,79,336000,0.496,0.739,6,-7.193,1,0.0416,0.0209,0.00451,0.106,0.377,132.411,glam metal | hard rock | rock,76,2N9pjdn0Bpl39UzB7WqQHZ,Test Playlist,Quoc-Anh Duong,1214868237,5.6,F#,1991
3U4isOIWM3VvDubwSI3y7a,All of Me,John Legend,5y2Xq6xcjJb2jVM54GHK3t,Love In The Future (Expanded Edition),4OTAx9un4e6NfoHuVRiOrC,8/30/2013,86,269560,0.422,0.264,8,-7.064,1,0.0322,0.922,0,0.132,0.331,119.93,neo soul | pop | pop soul | urban contemporary,72,2N9pjdn0Bpl39UzB7WqQHZ,Test Playlist,Quoc-Anh Duong,1214868237,4.49,G#,2013
53QF56cjZA9RTuuMZDrSA6,I Won't Give Up,Jason Mraz,4phGZZrJZRo4ElhRtViYdl,Love Is a Four Letter Word (Deluxe Edition),64SChsjQBiEe3aVTFYnW1b,4/13/2012,69,240165,0.483,0.303,4,-10.058,1,0.0429,0.694,0,0.115,0.139,133.406,acoustic pop | dance pop | neo mellow | pop,68,2N9pjdn0Bpl39UzB7WqQHZ,Test Playlist,Quoc-Anh Duong,1214868237,4,E,2012
3VpxEo6vMpi4rQ6t2WVVkK,Escape (feat. Hayla),Kx5,2avRYQUWQpIkzJOEkf0MdY,Kx5,7krgzxFJr9YxsmyWlO5Ubg,3/17/2023,68,240445,0.659,0.798,9,-6.933,0,0.0749,0.175,0.000379,0.708,0.15,126.064,melodic house,54,2N9pjdn0Bpl39UzB7WqQHZ,Test Playlist,Quoc-Anh Duong,1214868237,4.01,Am,2023
6epn3r7S14KUqlReYr77hA,Baby,Justin Bieber,1uNFoZAHBGtllmzznpCI3s,My World 2.0,3BmcYMh0KYsimWL6p2gPa9,1/1/2010,82,214240,0.728,0.859,5,-5.237,0,0.137,0.0401,0,0.111,0.535,65.043,canadian pop | pop,85,2N9pjdn0Bpl39UzB7WqQHZ,Test Playlist,Quoc-Anh Duong,1214868237,3.57,Fm,2010
503OTo2dSqe7qk76rgsbep,Still D.R.E.,Dr. Dre,6DPYiyq5kWVQS4RGwxzPC7,2001,7q2B4M5EiBkqrlsNW8lB7N,11/16/1999,82,270586,0.816,0.775,11,-3.323,1,0.234,0.16,0.00031,0.0543,0.527,93.431,g funk | gangster rap | hip hop | rap | west coast rap,76,2N9pjdn0Bpl39UzB7WqQHZ,Test Playlist,Quoc-Anh Duong,1214868237,4.51,B,1999
2xLMifQCjDGFmkHkpNLD9h,SICKO MODE,Travis Scott,0Y5tJX1MQlPlqiwlOH1tJY,ASTROWORLD,41GuZcammIkupMPKH2OJ6I,8/3/2018,83,312820,0.834,0.73,8,-3.714,1,0.222,0.00513,0,0.124,0.446,155.008,hip hop | rap | slap house,90,2N9pjdn0Bpl39UzB7WqQHZ,Test Playlist,Quoc-Anh Duong,1214868237,5.21,G#,2018
2j69vIlXEtvvAZgMiuvRVL,Avocado,Spanish Classic Guitar,1d4Jb3BclyNy4VR8q2aKqV,Guitar: Spanish Passion,3QiJbdDUMOZUoAZGeowJiH,4/17/2017,16,213838,0.824,0.404,9,-10.793,0,0.042,0.716,0.862,0.114,0.77,110.109,,23,2N9pjdn0Bpl39UzB7WqQHZ,Test Playlist,Quoc-Anh Duong,1214868237,3.56,Am,2017
0q6LuUqGLUiCPP1cbdwFs3,On Melancholy Hill,Gorillaz,3AA28KZvwAUcZuOKwyblJQ,Plastic Beach,2dIGnmEIy1WZIcZCFSj6i8,3/3/2010,79,233866,0.689,0.739,2,-5.81,1,0.026,1.51E-05,0.509,0.064,0.578,120.423,alternative hip hop | modern rock | rock,75,2N9pjdn0Bpl39UzB7WqQHZ,Test Playlist,Quoc-Anh Duong,1214868237,3.9,D,2010
17phhZDn6oGtzMe56NuWvj,Lose Control,Teddy Swims,33qOK5uJ8AR2xuQQAhHump,I've Tried Everything But Therapy (Part 1),7nacKlk586eLRBSIsrk9DB,9/15/2023,93,210688,0.561,0.604,9,-4.409,1,0.0337,0.199,1.90E-05,0.104,0.242,159.92,,79,2N9pjdn0Bpl39UzB7WqQHZ,Test Playlist,Quoc-Anh Duong,1214868237,3.51,A,2023
22skzmqfdWrjJylampe0kt,Can't Hold Us (feat. Ray Dalton),Macklemore & Ryan Lewis,5BcAKTbp20cv7tC5VqPFoC,The Heist,5QWHes9ODwn42DHTifGkXd,10/9/2012,85,258431,0.633,0.927,2,-4.468,1,0.0839,0.0267,0,0.0986,0.88,146.097,pop rap | seattle hip hop,69,2N9pjdn0Bpl39UzB7WqQHZ,Test Playlist,Quoc-Anh Duong,1214868237,4.31,D,2012
4RCWB3V8V0dignt99LZ8vH,Hey There Delilah,Plain White T's,1g1yxsNVPhMUl9GrMjEb2o,All That We Needed,4vUClKTFaDWnsHE8rK52GY,1/1/2005,79,232533,0.658,0.291,2,-10.572,1,0.0292,0.872,0,0.114,0.295,103.962,modern rock | neo mellow | neon pop punk | pop punk | pop rock,60,2N9pjdn0Bpl39UzB7WqQHZ,Test Playlist,Quoc-Anh Duong,1214868237,3.88,D,2005
6Sy9BUbgFse0n0LPA5lwy5,Sandstorm,Darude,0LhHRmSd1EYM5QdNeNnCoQ,"Before the Storm, Special Edition",0Xks5v0dve8Gh2tRHIekjo,1/1/2001,71,225493,0.528,0.965,11,-7.984,0,0.0465,0.141,0.985,0.0797,0.587,136.065,eurodance | finnish edm,56,2N9pjdn0Bpl39UzB7WqQHZ,Test Playlist,Quoc-Anh Duong,1214868237,3.76,Bm,2001
7BY005dacJkbO6EPiOh2wb,House Of The Rising Sun,The Animals,3ICflSq6ZgYAIrm2CTkfVP,The Animals,0Xwkx2TLFwRcoK0OWQ0Msa,1/1/1964,72,271280,0.295,0.584,9,-6.696,0,0.0345,0.000385,0.218,0.0996,0.228,117.2,album rock | british invasion | classic rock | hard rock | protopunk | psychedelic rock | rock,62,2N9pjdn0Bpl39UzB7WqQHZ,Test Playlist,Quoc-Anh Duong,1214868237,4.52,Am,1964
6xM8oBy40nK1rOd8WmoOPx,Last Request,Paolo Nutini,7x5rK9BClDQ8wmCkYAGsQp,These Streets,6L2FiSnFMisCgbhbag4KTl,1/30/2007,68,220413,0.605,0.704,5,-6.564,1,0.0476,0.241,0,0.137,0.4,80.925,british soul | neo mellow | scottish singer-songwriter,62,2N9pjdn0Bpl39UzB7WqQHZ,Test Playlist,Quoc-Anh Duong,1214868237,3.67,F,2007
1p80LdxRV74UKvL8gnD7ky,Blank Space,Taylor Swift,06HL4z0CvFAxyc27GXpf02,1989,2QJmrSgbdM35R67eoGQo4j,10/27/2014,73,231826,0.753,0.678,5,-5.421,1,0.0644,0.085,1.64E-06,0.13,0.583,96.006,pop,100,2N9pjdn0Bpl39UzB7WqQHZ,Test Playlist,Quoc-Anh Duong,1214868237,3.86,F,2014
4iz9lGMjU1lXS51oPmUmTe,Homecoming,Kanye West,5K4W6rqBFWDnAN6FQUkS6x,Graduation,4SZko61aMnmgvNhfhgTuD3,9/11/2007,83,203493,0.67,0.747,1,-7.059,1,0.189,0.337,0,0.115,0.918,86.918,chicago rap | hip hop | rap,89,2N9pjdn0Bpl39UzB7WqQHZ,Test Playlist,Quoc-Anh Duong,1214868237,3.39,C#,2007
1UWhx0pFZccP4jdCIZsj7U,Arsonist's Lullabye,Hozier,2FXC3k01G6Gw61bmprjgqS,From Eden EP,0FubRTC6GUFPUg4y2Xuxs0,3/9/2014,63,266546,0.463,0.373,6,-10.666,0,0.0362,0.673,0.0745,0.118,0.184,64.831,irish singer-songwriter | modern rock | pov: indie,84,2N9pjdn0Bpl39UzB7WqQHZ,Test Playlist,Quoc-Anh Duong,1214868237,4.44,F#m,2014
5hM5arv9KDbCHS0k9uqwjr,Borderline,Tame Impala,5INjqkS1o8h1imAzPqGZBb,The Slow Rush,31qVWUdRrlb8thMvts0yYL,2/14/2020,82,237800,0.621,0.873,5,-3.067,0,0.0369,0.0406,9.10E-06,0.0824,0.873,97.96,australian psych | modern rock | neo-psychedelic | rock,77,2N9pjdn0Bpl39UzB7WqQHZ,Test Playlist,Quoc-Anh Duong,1214868237,3.96,Fm,2020
1V6gIisPpYqgFeWbMLI0bA,Heart Attack,Demi Lovato,6S2OmqARrzebs0tKUEyXyp,Demi,6Kssm2LosQ0WyLukFZkEG5,1/1/2013,80,210840,0.504,0.785,8,-4.802,1,0.104,0.0738,0,0.239,0.502,173.968,pop | post-teen pop,73,2N9pjdn0Bpl39UzB7WqQHZ,Test Playlist,Quoc-Anh Duong,1214868237,3.51,G#,2013
4KFM3A5QF2IMcc6nHsu3Wp,Englishman In New York,Sting,0Ty63ceoRnnJKVEYP0VQpk,...Nothing Like The Sun,3mVCQqgwEvwD7lHy9KHi7R,1/1/1987,73,267266,0.674,0.347,9,-17.707,1,0.0364,0.396,1.04E-05,0.0916,0.647,102.014,permanent wave | soft rock | sophisti-pop,68,2N9pjdn0Bpl39UzB7WqQHZ,Test Playlist,Quoc-Anh Duong,1214868237,4.45,A,1987
3gFQOMoUwlR6aUZj81gCzu,One Summer Day,Joe Hisaishi,7nzSoJISlVJsn7O0yTeMOB,Spirited Away Soundtrack,766a5fKJYFy9ii4Kz2bQy9,7/18/2001,66,189800,0.41,0.196,0,-15.956,1,0.0383,0.953,0.892,0.0974,0.0622,78.823,anime | anime score | japanese classical | japanese soundtrack | orchestral soundtrack,67,2N9pjdn0Bpl39UzB7WqQHZ,Test Playlist,Quoc-Anh Duong,1214868237,3.16,C,2001
3CQAd12NW0vPnyu5breZpM,"Le Festin - From ""Ratatouille""",Camille,0gOsZcHl7H3ewXVIEnWFZX,Disney/Pixar Greatest,4Tf4nzRuf5W3EvHqigxcmv,1/1/2009,33,171800,0.439,0.317,3,-10.371,1,0.0432,0.86,0,0.0784,0.285,139.227,nouvelle chanson francaise,51,2N9pjdn0Bpl39UzB7WqQHZ,Test Playlist,Quoc-Anh Duong,1214868237,2.86,D#,2009
3CVPyuuD6HxWXgPbbGqbg6,Are You What You Want to Be?,Foster The People,7gP3bB2nilZXLfPHJhMdvc,Supermodel,22cFcAQkydpTzeSKQZEKv0,3/14/2014,54,270840,0.599,0.816,6,-5.002,0,0.0514,0.00702,2.80E-06,0.508,0.595,126.02,indietronica | modern alternative rock | modern rock | rock,69,2N9pjdn0Bpl39UzB7WqQHZ,Test Playlist,Quoc-Anh Duong,1214868237,4.51,F#m,2014
429EttO8gs0bDo2SQfUNSm,Georgia,Vance Joy,10exVja0key0uqUkk6LJRT,Dream Your Life Away (Special Edition),5S9b8euumqMhQbMk0zzQdH,9/8/2014,67,230506,0.388,0.66,11,-7.372,1,0.0308,0.312,0.000307,0.0943,0.401,143.554,folk-pop | modern rock,72,2N9pjdn0Bpl39UzB7WqQHZ,Test Playlist,Quoc-Anh Duong,1214868237,3.84,B,2014
5kqIPrATaCc2LqxVWzQGbk,7 Years,Lukas Graham,25u4wHJWxCA9vO0CzxAbK7,Lukas Graham,4rFrdkSWs0dtj0rWPzOk1v,4/1/2016,83,237300,0.765,0.473,10,-5.829,1,0.0514,0.287,0,0.391,0.34,119.992,danish pop | scandipop,67,2N9pjdn0Bpl39UzB7WqQHZ,Test Playlist,Quoc-Anh Duong,1214868237,3.96,A#,2016
5VSCgNlSmTV2Yq5lB40Eaw,Love Me Again,John Newman,34v5MVKeQnIo0CWYMbbrPf,Tribute,7ybleSrN0ZT3bci5WZ6puk,1/1/2013,67,239894,0.495,0.894,2,-4.814,0,0.0441,0.00453,0.000596,0.103,0.213,126.03,dance pop,66,2N9pjdn0Bpl39UzB7WqQHZ,Test Playlist,Quoc-Anh Duong,1214868237,4,Dm,2013
7rglLriMNBPAyuJOMGwi39,Cold Heart - PNAU Remix,Elton John,3PhoLpVuITZKcymswpck5b,The Lockdown Sessions,7wHczdY0ek3FHnfVhk10om,10/22/2021,70,202735,0.795,0.8,1,-6.32,1,0.0309,0.0354,7.25E-05,0.0915,0.934,116.032,glam rock | mellow gold | piano rock | rock,79,2N9pjdn0Bpl39UzB7WqQHZ,Test Playlist,Quoc-Anh Duong,1214868237,3.38,C#,2021
0DWIaEumpHd41vATkCGUK2,SBCNCSLY,Black Coffee,6wMr4zKPrrR0UVz08WtUWc,SBCNCSLY,1uaZVqFa2S1skSpLNZ0oHp,4/24/2020,3,384555,0.656,0.701,7,-11.083,0,0.0395,0.415,0.131,0.167,0.0758,116.024,south african house | south african pop | south african pop dance,60,2N9pjdn0Bpl39UzB7WqQHZ,Test Playlist,Quoc-Anh Duong,1214868237,6.41,Gm,2020
6XQHlsNu6so4PdglFkJQRJ,"City Of Stars - From ""La La Land"" Soundtrack",Ryan Gosling,6kXm2YCtdUOpRYNKeKhfue,La La Land (Original Motion Picture Soundtrack),3GU8BzFEAdFSRjc8jZkL3S,12/9/2016,67,149706,0.492,0.116,2,-15.15,0,0.0379,0.899,1.93E-06,0.0889,0.434,111.787,hollywood,58,2N9pjdn0Bpl39UzB7WqQHZ,Test Playlist,Quoc-Anh Duong,1214868237,2.5,Dm,2016
2LKOHdMsL0K9KwcPRlJK2v,After Dark,Mr.Kitty,0pWwt5vGNzezEhfAcc420Y,Time,63TYyeXlBYoYKNvE6rT3hI,10/6/2014,80,259146,0.585,0.595,8,-10.444,1,0.0328,0.0696,0.266,0.0837,0.039,140.037,weirdcore,62,2N9pjdn0Bpl39UzB7WqQHZ,Test Playlist,Quoc-Anh Duong,1214868237,4.32,G#,2014
3ZFTkvIE7kyPt6Nu3PEa7V,Hips Don't Lie (feat. Wyclef Jean),Shakira,0EmeFodog0BfCgMzAIvKQp,"Oral Fixation, Vol. 2 (Expanded Edition)",5ppnlEoj4HdRRdRihnY3jU,11/28/2005,87,218093,0.778,0.824,10,-5.892,0,0.0707,0.284,0,0.405,0.758,100.024,colombian pop | dance pop | latin pop | pop,83,2N9pjdn0Bpl39UzB7WqQHZ,Test Playlist,Quoc-Anh Duong,1214868237,3.63,A#m,2005
1c3GkbZBnyrQ1cm4TGHFrK,Canon in D,Johann Pachelbel,62TD7509VQIxUe4WpwO0s3,Pachelbel: Canon in D - Bach: Air on a G String - Handel: Largo from 'Xerxes' - Hallelujah Chorus - Clarke: Trumpet Voluntary,69kr5nuqGTy3bBkuRyutw7,1/1/2009,55,376533,0.151,0.125,2,-20.414,1,0.0386,0.808,0.308,0.121,0.29,150.812,baroque | classical | german baroque,54,2N9pjdn0Bpl39UzB7WqQHZ,Test Playlist,Quoc-Anh Duong,1214868237,6.28,D,2009
4cktbXiXOapiLBMprHFErI,Memories,Maroon 5,04gDigrS5kc9YWfZHwBETP,JORDI (Deluxe),1pCA38N6MkLlthXtAOvZTU,6/11/2021,84,189486,0.775,0.327,11,-7.241,1,0.0557,0.841,0,0.0821,0.595,91.05,pop,82,2N9pjdn0Bpl39UzB7WqQHZ,Test Playlist,Quoc-Anh Duong,1214868237,3.16,B,2021
2CtemffYhT0DJWcT1XW047,Nothing Else Matters (Remastered),Metallica,2ye2Wgw4gimLv2eAKyk1NB,Metallica (Remastered),55fq75UfkYbGMq4CncCtOH,8/12/1991,70,388733,0.547,0.394,4,-9.793,0,0.0262,0.0522,6.40E-06,0.0795,0.17,142.37,hard rock | metal | old school thrash | rock | thrash metal,78,2N9pjdn0Bpl39UzB7WqQHZ,Test Playlist,Quoc-Anh Duong,1214868237,6.48,Em,1991
2EoOZnxNgtmZaD8uUmz2nD,Black Hole Sun,Soundgarden,5xUf6j4upBrXZPg6AI4MRK,Superunknown (Deluxe Edition),29sTacnS0qA9xri6YS8xLA,3/9/1994,80,318586,0.35,0.828,6,-5.373,1,0.041,0.000217,0.000161,0.0774,0.147,105.435,alternative metal | alternative rock | classic rock | grunge | hard rock | nu metal | rock,65,2N9pjdn0Bpl39UzB7WqQHZ,Test Playlist,Quoc-Anh Duong,1214868237,5.31,F#,1994
6lddQxKQjtwo6xtO4fHNvl,Vivaldi Winter Nº1,EduTry,08yYB9e4yANYoMfLUOZH4I,Classics in a Modern Style,2V7Z1qnJ30T8ISUfF34Yht,10/23/2017,37,238393,0.576,0.945,1,-8.579,1,0.0352,0.000111,0.83,0.106,0.535,139.982,,21,2N9pjdn0Bpl39UzB7WqQHZ,Test Playlist,Quoc-Anh Duong,1214868237,3.97,C#,2017
5jsw9uXEGuKyJzs0boZ1bT,Stitches,Shawn Mendes,7n2wHs1TKAczGzO7Dd2rGr,Handwritten,6sUOosXuYt0oUeczJRbedZ,4/14/2015,75,206880,0.752,0.754,1,-6.684,1,0.0615,0.0151,0,0.0486,0.755,149.789,canadian pop | pop | viral pop,78,2N9pjdn0Bpl39UzB7WqQHZ,Test Playlist,Quoc-Anh Duong,1214868237,3.45,C#,2015
4PTG3Z6ehGkBFwjybzWkR8,Never Gonna Give You Up,Rick Astley,0gxyHStUsqpMadRV0Di1Qt,Whenever You Need Somebody,6eUW0wxWtzkFdaEFsTJto6,11/12/1987,79,213573,0.721,0.939,8,-11.823,1,0.0376,0.115,3.79E-05,0.108,0.914,113.309,new romantic | new wave pop | soft rock | sophisti-pop | synthpop,61,2N9pjdn0Bpl39UzB7WqQHZ,Test Playlist,Quoc-Anh Duong,1214868237,3.56,G#,1987
7sLpSWxQazJzDVG6YGzlVs,99 Problems,JAY-Z,3nFkdlSjzX9mRTtwJOzDYB,The Black Album,4FWvo9oS4gRgHtAwDwUjiO,11/14/2003,65,234626,0.494,0.887,6,-4.297,0,0.398,0.00661,0,0.103,0.548,89.554,east coast hip hop | gangster rap | hip hop | pop rap | rap,80,2N9pjdn0Bpl39UzB7WqQHZ,Test Playlist,Quoc-Anh Duong,1214868237,3.91,F#m,2003
39LLxExYz6ewLAcYrzQQyP,Levitating,Dua Lipa,6M2wZ9GZgrQXHCFfjv46we,Future Nostalgia,7fJJK56U9fHixgO0HQkhtI,3/27/2020,78,203807,0.695,0.884,6,-2.278,0,0.0753,0.0561,0,0.213,0.914,103.014,dance pop | pop | uk pop,85,3C4yEvDoFzREoCfWUoZCnO,Test Playlist 2,Quoc-Anh Duong,1214868237,3.4,F#m,2020
2aoo2jlRnM3A0NyLQqMN2f,All Along the Watchtower,Jimi Hendrix,776Uo845nYHJpNaStv1Ds4,Electric Ladyland,5z090LQztiqh13wYspQvKQ,10/25/1968,75,240800,0.438,0.805,8,-6.237,1,0.0624,0.00255,5.69E-05,0.0842,0.564,113.253,acid rock | album rock | alternative rock | classic rock | hard rock | proto-metal | psychedelic rock | rock,66,3C4yEvDoFzREoCfWUoZCnO,Test Playlist 2,Quoc-Anh Duong,1214868237,4.01,G#,1968
2bJvI42r8EF3wxjOuDav4r,Time of Our Lives,Pitbull,0TnOYISbd1XYRBk9myaseg,Globalization,4EUf4YyNjuXypWY6W5wEDm,11/21/2014,85,229360,0.721,0.802,1,-5.797,1,0.0583,0.0921,0,0.694,0.724,124.022,dance pop | miami hip hop | pop,81,3C4yEvDoFzREoCfWUoZCnO,Test Playlist 2,Quoc-Anh Duong,1214868237,3.82,C#,2014
57bgtoPSgt236HzfBOd8kj,Thunderstruck,AC/DC,711MCceyCBcFnzjGY4Q7Un,The Razors Edge,4vu7F6h90Br1ZtYYaqfITy,9/24/1990,86,292880,0.502,0.89,4,-5.175,1,0.0364,0.000147,0.0117,0.217,0.259,133.52,australian rock | hard rock | rock,79,3C4yEvDoFzREoCfWUoZCnO,Test Playlist 2,Quoc-Anh Duong,1214868237,4.88,E,1990
0aym2LBJBk9DAYuHHutrIl,Hey Jude - Remastered 2015,The Beatles,3WrFJ7ztbogyGnTHbHJFl2,1 (Remastered),7vEJAtP3KgKSpOHVgwm3Eh,11/13/2000,71,425653,0.386,0.607,10,-7.7,1,0.0261,0.0112,1.38E-05,0.088,0.532,147.207,british invasion | classic rock | merseybeat | psychedelic rock | rock,81,3C4yEvDoFzREoCfWUoZCnO,Test Playlist 2,Quoc-Anh Duong,1214868237,7.09,A#,2000
3dPQuX8Gs42Y7b454ybpMR,Seven Nation Army,The White Stripes,4F84IBURUo98rz4r61KF70,Elephant,6D9urpsOWWKtYvF6PaorGE,4/1/2003,85,232106,0.743,0.446,4,-7.807,0,0.0683,0.0039,0.118,0.337,0.278,123.596,alternative rock | blues rock | detroit rock | garage rock | modern blues rock | permanent wave | punk blues | rock,68,3C4yEvDoFzREoCfWUoZCnO,Test Playlist 2,Quoc-Anh Duong,1214868237,3.87,Em,2003
18asYwWugKjjsihZ0YvRxO,The Motto,Tiësto,2o5jDhtHVPhrJdv3cEQ99Z,The Motto,278z9UXJaMNDH9Bel9uAxV,11/4/2021,77,164818,0.754,0.763,7,-4.627,0,0.0435,0.0301,2.23E-05,0.0901,0.464,117.953,big room | brostep | dutch edm | edm | house | pop dance | slap house | trance,81,3C4yEvDoFzREoCfWUoZCnO,Test Playlist 2,Quoc-Anh Duong,1214868237,2.75,Gm,2021
2LeF018m9vGgIAirUuOgCr,Water Flow,MrAnthony,6yCelGvbSQCdGHnyjZ26Mx,Water Flow,7qk8OPhLH17s6PdUxJKxCM,1/30/2024,55,154910,0.716,0.289,7,-9.46,1,0.0296,0.416,0.926,0.11,0.264,109.99,,38,3C4yEvDoFzREoCfWUoZCnO,Test Playlist 2,Quoc-Anh Duong,1214868237,2.58,G,2024
0WtDGnWL2KrMCk0mI1Gpwz,Redbone,Childish Gambino,73sIBHcqh3Z3NyqHKZ7FOL,"""Awaken, My Love!""",7caGY3YPOchIO8xLvTKWN4,12/2/2016,82,326933,0.745,0.353,1,-10.614,1,0.0983,0.174,0.00662,0.118,0.598,160.111,atl hip hop | hip hop | rap,75,3C4yEvDoFzREoCfWUoZCnO,Test Playlist 2,Quoc-Anh Duong,1214868237,5.45,C#,2016
2Ch7LmS7r2Gy2kc64wv3Bz,Die For You,The Weeknd,1Xyo4u8uXC1ZmMpatF05PJ,Starboy,2ODvWsOgouMbaA5xf0RkJe,11/25/2016,81,260252,0.586,0.525,1,-7.163,0,0.0616,0.111,0,0.134,0.507,133.63,canadian contemporary r&b | canadian pop | pop,91,3C4yEvDoFzREoCfWUoZCnO,Test Playlist 2,Quoc-Anh Duong,1214868237,4.34,C#m,2016
6OjwIdLlkjCLuOThOwODEY,Mary Boone,Vampire Weekend,5BvJzeQpmsdsFp4HGUYUEx,Only God Was Above Us,1W04wu2W4OIcuiNc5AMB3y,4/5/2024,66,266026,0.501,0.65,1,-5.588,1,0.0474,0.0917,0.0434,0.121,0.395,95.461,baroque pop | chamber pop | garage rock | indie rock | indietronica | modern rock,67,3C4yEvDoFzREoCfWUoZCnO,Test Playlist 2,Quoc-Anh Duong,1214868237,4.43,C#,2024
0DGTcMqvVR7fmBXgiG6jz4,Just A Cloud Away,Pharrell Williams,2RdwBSPQiwcmiDo9kixcl8,Just A Cloud Away,2ojXtf3VwPgpxsFHYujwCY,2013,62,176078,0.89,0.46,2,-8.155,1,0.0359,0.432,0,0.11,0.677,112.555,dance pop | pop,75,3C4yEvDoFzREoCfWUoZCnO,Test Playlist 2,Quoc-Anh Duong,1214868237,2.93,D,2013
3BKD1PwArikchz2Zrlp1qi,Baby Don't Hurt Me,David Guetta,1Cs0zKBU1kc0i8ypK3B9ai,Baby Don't Hurt Me,327tc3Eruk1HP1w62iqROy,4/6/2023,84,140017,0.602,0.91,7,-3.404,1,0.0308,0.00126,0.000174,0.12,0.228,127.944,big room | dance pop | edm | pop | pop dance,85,3C4yEvDoFzREoCfWUoZCnO,Test Playlist 2,Quoc-Anh Duong,1214868237,2.33,G,2023
260V7huyJrXnyYe0dFv2Fa,Canopée,Polo & Pan,45yEuthJ9yq1rNXAOpBnqM,Caravelle,0SuFqlCe5i30Fr75ZlPQVT,5/19/2017,65,276293,0.704,0.692,5,-6.558,0,0.0304,0.0942,0.0109,0.0922,0.369,96.005,dark disco | electro-pop francais | french indietronica,57,3C4yEvDoFzREoCfWUoZCnO,Test Playlist 2,Quoc-Anh Duong,1214868237,4.6,Fm,2017
0tBbt8CrmxbjRP0pueQkyU,Wolves,Selena Gomez,0C8ZW7ezQVs4URX5aX7Kqx,Wolves,5gQZvWM1o8NkQndueJtZcP,10/25/2017,77,197993,0.725,0.804,11,-4.614,0,0.0422,0.124,0,0.204,0.31,124.996,pop | post-teen pop,78,3C4yEvDoFzREoCfWUoZCnO,Test Playlist 2,Quoc-Anh Duong,1214868237,3.3,Bm,2017
6h5PAsRni4IRlxWr6uDPTP,More Than You Know,Axwell /\ Ingrosso,2XnBwblw31dfGnspMIwgWz,More Than You Know,6Ei5WWek37m1x9AjpSXTcJ,7/28/2017,81,203000,0.646,0.741,5,-4.973,0,0.034,0.0275,0,0.312,0.571,123.077,edm | pop dance | progressive electro house,62,3C4yEvDoFzREoCfWUoZCnO,Test Playlist 2,Quoc-Anh Duong,1214868237,3.38,Fm,2017
2tpWsVSb9UEmDRxAl1zhX1,Counting Stars,OneRepublic,5Pwc4xIPtQLFEnJriah9YJ,Native,20lOt6G8MHv8ZO7ViOmiP7,1/1/2013,87,257265,0.663,0.706,1,-4.972,0,0.0383,0.0654,0,0.118,0.474,122.013,piano rock | pop,80,3C4yEvDoFzREoCfWUoZCnO,Test Playlist 2,Quoc-Anh Duong,1214868237,4.29,C#m,2013
1NeLwFETswx8Fzxl2AFl91,Something About Us,Daft Punk,4tZwfgrHOc3mvqYlEYSvVi,Discovery,2noRn2Aes5aoNVsU6iWThc,3/12/2001,69,232666,0.875,0.475,9,-12.673,0,0.0986,0.44,0.72,0.046,0.384,99.958,electro | filter house | rock,77,3C4yEvDoFzREoCfWUoZCnO,Test Playlist 2,Quoc-Anh Duong,1214868237,3.88,Am,2001
1pKYYY0dkg23sQQXi0Q5zN,Around the World,Daft Punk,4tZwfgrHOc3mvqYlEYSvVi,Homework,5uRdvUR7xCnHmUW8n64n9y,1/17/1997,73,429533,0.956,0.795,7,-5.311,1,0.15,0.00356,0.889,0.0906,0.841,121.294,electro | filter house | rock,77,3C4yEvDoFzREoCfWUoZCnO,Test Playlist 2,Quoc-Anh Duong,1214868237,7.16,G,1997
6RUKPb4LETWmmr3iAEQktW,Something Just Like This,The Chainsmokers,69GGBxA162lTqCwzJG5jLp,Memories...Do Not Open,4JPguzRps3kuWDD5GS6oXr,4/7/2017,88,247160,0.617,0.635,11,-6.769,0,0.0317,0.0498,1.44E-05,0.164,0.446,103.019,pop,78,3C4yEvDoFzREoCfWUoZCnO,Test Playlist 2,Quoc-Anh Duong,1214868237,4.12,Bm,2017
4lpvCG7eNzHAXwvMxWUNjz,No Blueberries,DPR IAN,2o8gT0fQmFxGNbowbdgeZe,Moodswings in This Order,2hPHncbZRuWiCBauEUJxyA,3/11/2021,66,185106,0.721,0.617,4,-6.178,0,0.0386,0.507,0,0.252,0.902,148.032,k-rap,65,3C4yEvDoFzREoCfWUoZCnO,Test Playlist 2,Quoc-Anh Duong,1214868237,3.09,Em,2021
22bNlvnDQbYAq0Ex2sduSu,Orbital,ARTBAT,3BkRu2TGd2I1uBxZKddfg1,Orbital (15 Yrs Systematic),4ir25CX8pHmpbuhCQDXsku,6/14/2019,27,546341,0.776,0.853,1,-10.264,0,0.0523,0.0443,0.901,0.351,0.0325,123.032,ukrainian electronic,57,3C4yEvDoFzREoCfWUoZCnO,Test Playlist 2,Quoc-Anh Duong,1214868237,9.11,C#m,2019
3USxtqRwSYz57Ewm6wWRMp,Heat Waves,Glass Animals,4yvcSjfu4PC0CYQyLy4wSq,Dreamland,5bfpRtBW7RNRdsm3tRyl3R,8/7/2020,88,238805,0.761,0.525,11,-6.9,1,0.0944,0.44,6.70E-06,0.0921,0.531,80.87,gauze pop | indietronica | modern rock | pov: indie | shiver pop,72,3C4yEvDoFzREoCfWUoZCnO,Test Playlist 2,Quoc-Anh Duong,1214868237,3.98,B,2020
40rvBMQizxkIqnjPdEWY1v,Down with the Sickness,Disturbed,3TOqt5oJwL9BE2NG9MEwDa,The Sickness,6IvosVciDOQ9NAPaKwhtLY,3/7/2000,77,279213,0.695,0.876,3,-4.262,0,0.0553,0.000996,6.89E-06,0.106,0.941,89.954,alternative metal | nu metal | rap metal | rock,73,3C4yEvDoFzREoCfWUoZCnO,Test Playlist 2,Quoc-Anh Duong,1214868237,4.65,D#m,2000
3GfOAdcoc3X5GPiiXmpBjK,Song 2,Blur,7MhMgCo0Bl0Kukl93PZbYS,Blur: The Best Of,1bgkxe4t0HNeLn9rhrx79x,10/23/2000,68,121880,0.658,0.709,8,-6.736,1,0.0904,0.00188,0.00447,0.0657,0.855,129.701,alternative rock | britpop | madchester | permanent wave | rock,66,3C4yEvDoFzREoCfWUoZCnO,Test Playlist 2,Quoc-Anh Duong,1214868237,2.03,G#,2000
2xecmHE1PDtk2ndkdP8dNr,Obsessive Progressive,Pryda,37U9sPqTZMd7AKJCWgcvkt,Elements,3Fc7CxOxoTCM2Ixyt7Vmer,5/18/2018,23,514474,0.774,0.85,6,-8.535,0,0.0528,0.00198,0.826,0.106,0.0647,125.994,progressive electro house | progressive house,40,3C4yEvDoFzREoCfWUoZCnO,Test Playlist 2,Quoc-Anh Duong,1214868237,8.57,F#m,2018
2nLtzopw4rPReszdYBJU6h,Numb,Linkin Park,6XyY86QOPPrYVGvF9ch6wz,Meteora,4Gfnly5CzMJQqkUFfoHaP3,9/16/2003,87,187520,0.488,0.87,6,-4.185,0,0.0421,0.00353,0,0.484,0.211,110.072,alternative metal | nu metal | post-grunge | rap metal | rock,83,3C4yEvDoFzREoCfWUoZCnO,Test Playlist 2,Quoc-Anh Duong,1214868237,3.13,F#m,2003
2h0PR8zyKinwcD1criPWDw,"Requiem in D minor, K.626: Confutatis maledictis",Wolfgang Amadeus Mozart,4NJhFmfw43RLBLjQvxDuRS,Mozart: Requiem,5Ext8hogDD2WFmUI8mStcz,1/1/1984,12,142466,0.246,0.148,0,-17.576,1,0.0404,0.986,0.774,0.277,0.0398,73.959,classical | classical era,71,3C4yEvDoFzREoCfWUoZCnO,Test Playlist 2,Quoc-Anh Duong,1214868237,2.37,C,1984
2hIQXijVzbLaHVbHnCO0j3,Burn Out,The Cinematic Orchestra,32ogthv0BdaSMPml02X9YB,Every Day,1EUXHvyflL27HwOTQgaVuh,5/13/2002,36,613746,0.381,0.448,1,-12.387,1,0.0281,0.394,0.847,0.0848,0.313,114.487,downtempo | nu jazz,61,3C4yEvDoFzREoCfWUoZCnO,Test Playlist 2,Quoc-Anh Duong,1214868237,10.23,C#,2002
54X78diSLoUDI3joC2bjMz,Purple Rain,Prince,5a2EaR3hamoenG9rDuVn8j,Purple Rain,7nXJ5k4XgRj5OLg9m8V3zc,6/25/1984,75,520786,0.367,0.452,10,-10.422,1,0.0307,0.0353,0.00228,0.689,0.189,113.066,funk | funk rock | minneapolis sound | rock | synth funk,67,3C4yEvDoFzREoCfWUoZCnO,Test Playlist 2,Quoc-Anh Duong,1214868237,8.68,A#,1984
70uZXOG2KTAHwcAgp4QyYr,Friend Like Me,Robin Williams,4OrieSJUghNfNx5UuPCgxF,Aladdin (Original Motion Picture Soundtrack),29EiOQJnxWlX5nVOWQpu3u,1/1/1992,52,146440,0.648,0.478,0,-13.584,1,0.145,0.621,0,0.703,0.653,98.412,comedy | comic,41,3C4yEvDoFzREoCfWUoZCnO,Test Playlist 2,Quoc-Anh Duong,1214868237,2.44,C,1992
50nfwKoDiSYg8zOCREWAm5,Shivers,Ed Sheeran,6eUKZXaKkcviH0Ku9w2n3V,=,32iAEBstCjauDhyKpGjTuq,10/29/2021,84,207853,0.788,0.859,2,-2.724,1,0.0856,0.281,0,0.0424,0.822,141.02,pop | singer-songwriter pop | uk pop,84,3C4yEvDoFzREoCfWUoZCnO,Test Playlist 2,Quoc-Anh Duong,1214868237,3.46,D,2021
3DQVgcqaP3iSMbaKsd57l5,I Bet You Look Good On The Dancefloor,Arctic Monkeys,7Ln80lUS6He07XvHI8qqHH,"Whatever People Say I Am, That's What I'm Not",50Zz8CkIhATKUlQMbHO3k1,1/29/2006,75,173680,0.535,0.948,6,-4.19,0,0.0356,0.00225,0,0.376,0.778,103.183,garage rock | modern rock | permanent wave | rock | sheffield indie,82,3C4yEvDoFzREoCfWUoZCnO,Test Playlist 2,Quoc-Anh Duong,1214868237,2.89,F#m,2006
4SFknyjLcyTLJFPKD2m96o,How You Like That,BLACKPINK,41MozSoPIsD1dJM0CLPjZF,THE ALBUM,71O60S5gIJSIAhdnrDIh3N,10/2/2020,76,182956,0.812,0.761,11,-5.222,1,0.0812,0.0465,0.000135,0.0601,0.344,130.032,k-pop | k-pop girl group | pop,78,3C4yEvDoFzREoCfWUoZCnO,Test Playlist 2,Quoc-Anh Duong,1214868237,3.05,B,2020
6tNgRQ0K2NYZ0Rb9l9DzL8,obsessed,Olivia Rodrigo,1McMsnEElThX1knmY4oliG,GUTS (spilled),1D06fz3cuob62ysTS8k6gu,3/22/2024,88,170541,0.68,0.581,8,-5.166,1,0.106,0.0181,1.07E-06,0.276,0.63,119.974,pop,86,3C4yEvDoFzREoCfWUoZCnO,Test Playlist 2,Quoc-Anh Duong,1214868237,2.84,G#,2024
2GQEM9JuHu30sGFvRYeCxz,Faded,ZHU,28j8lBWDdDSHSSt5oPlsX2,THE NIGHTDAY,59irM3hSsX9Kpj31rJnsHc,9/11/2014,60,223480,0.867,0.477,9,-7.183,0,0.049,0.00843,0.175,0.113,0.614,124.979,edm | electro house,60,3C4yEvDoFzREoCfWUoZCnO,Test Playlist 2,Quoc-Anh Duong,1214868237,3.72,Am,2014
1gx1z1LO7e2h4SdS0lBWI0,edamame,bbno$,41X1TR6hrK8Q2ZCpp2EqCz,edamame,7edvhSHUH4XvMIoAOgXMWj,7/24/2021,47,133706,0.815,0.85,4,-4.704,0,0.113,0.0232,0.000143,0.0245,0.694,106.036,canadian hip hop | dark trap | meme rap,69,3C4yEvDoFzREoCfWUoZCnO,Test Playlist 2,Quoc-Anh Duong,1214868237,2.23,Em,2021
1QvPIlDwzql2ub5MCyYa78,"September - from DreamWorks Animation's ""TROLLS""",Justin Timberlake,31TPClRtHm23RisEBtV3X7,TROLLS (Original Motion Picture Soundtrack),65ayND23IInUPHJKsaAqe7,9/23/2016,62,235000,0.774,0.849,9,-2.986,1,0.0301,0.016,0.000201,0.0348,0.962,126.996,dance pop | pop,79,3C4yEvDoFzREoCfWUoZCnO,Test Playlist 2,Quoc-Anh Duong,1214868237,3.92,A,2016
0xmjwnQ3FNE6HuWCt2nHdZ,Where Is The Love?,Black Eyed Peas,1yxSLGMDHlW21z4YXirZDS,Elephunk,3eqkfT9f1XyM8GME1gVDrD,6/24/2003,81,272533,0.834,0.699,5,-3.222,1,0.178,0.111,0,0.131,0.809,94.086,dance pop | pop | pop rap,76,3C4yEvDoFzREoCfWUoZCnO,Test Playlist 2,Quoc-Anh Duong,1214868237,4.54,F,2003
0d28khcov6AiegSCpG5TuT,Feel Good Inc.,Gorillaz,3AA28KZvwAUcZuOKwyblJQ,Demon Days,0bUTHlWbkSQysoM3VsWldT,5/23/2005,84,222640,0.818,0.705,6,-6.679,1,0.177,0.00836,0.00233,0.613,0.772,138.559,alternative hip hop | modern rock | rock,75,3C4yEvDoFzREoCfWUoZCnO,Test Playlist 2,Quoc-Anh Duong,1214868237,3.71,F#,2005
1rfofaqEpACxVEHIZBJe6W,Havana (feat. Young Thug),Camila Cabello,4nDoRrQiYLoBzwC5BhVJzF,Camila,2vD3zSQr8hNlg0obNel4TE,1/12/2018,81,217306,0.765,0.523,2,-4.333,1,0.03,0.184,3.56E-05,0.132,0.394,104.988,dance pop | pop,77,3C4yEvDoFzREoCfWUoZCnO,Test Playlist 2,Quoc-Anh Duong,1214868237,3.62,D,2018
0WtM2NBVQNNJLh6scP13H8,Calm Down (with Selena Gomez),Rema,46pWGuE3dSwY3bMMXGBvVS,Calm Down (with Selena Gomez),2b2GHWESCWEuHiCZ2Skedp,8/25/2022,84,239317,0.801,0.806,11,-5.206,1,0.0381,0.382,0.000669,0.114,0.802,106.999,afrobeats | nigerian pop,73,3C4yEvDoFzREoCfWUoZCnO,Test Playlist 2,Quoc-Anh Duong,1214868237,3.99,B,2022
5ygDXis42ncn6kYG14lEVG,Baby Shark,Pinkfong,7cTXfwpe9peK0UE1bZyIWZ,Pinkfong Animal Songs,1S7mumn7D4riEX2gVWYgPO,7/27/2017,78,80927,0.829,0.886,8,-1.746,1,0.112,0.259,0,0.0559,0.777,115.056,cartoon | children's music | dong-yo,65,3C4yEvDoFzREoCfWUoZCnO,Test Playlist 2,Quoc-Anh Duong,1214868237,1.35,G#,2017
6X5OFBbrsHRsyO1zP7udgr,Man's Not Hot,Big Shaq,7mnAzEmgquhrVtGob81SmO,Man's Not Hot,5d2vrwvK9NqOd5S54Hu50A,9/22/2017,60,186026,0.905,0.884,0,-4.076,1,0.236,0.111,8.31E-05,0.107,0.588,135.048,london rap,39,3C4yEvDoFzREoCfWUoZCnO,Test Playlist 2,Quoc-Anh Duong,1214868237,3.1,C,2017
4eHbdreAnSOrDDsFfc4Fpm,I Will Always Love You,Whitney Houston,6XpaIBNiVzIetEPCWDvAFP,The Bodyguard - Original Soundtrack Album,7JVJlkNNobS0GSoy4tCS96,11/17/1992,79,271093,0.332,0.214,4,-12.518,1,0.0349,0.845,5.62E-06,0.0839,0.11,67.531,dance pop | pop,73,3C4yEvDoFzREoCfWUoZCnO,Test Playlist 2,Quoc-Anh Duong,1214868237,4.52,E,1992
3Q2M6sNKDwoqZGBvwdFqZr,Adagio For Strings,Tiësto,2o5jDhtHVPhrJdv3cEQ99Z,Just Be,3E8N6fNnqcOwNwUvALrqZ5,7/22/2009,59,443426,0.604,0.939,10,-7.49,0,0.0544,0.0102,0.698,0.0723,0.205,139.975,big room | brostep | dutch edm | edm | house | pop dance | slap house | trance,81,3C4yEvDoFzREoCfWUoZCnO,Test Playlist 2,Quoc-Anh Duong,1214868237,7.39,A#m,2009
4StctMGknlKfBuvxfVeAKP,They're Taking The Hobbits To Isengard / The Fellowship / The Shire - Bonus Track,Patricks,1juIaMNcCQiyFsSzMF7e2f,Rocky Road to Ireland,6ArBZLnOWknsKE2rbELYSG,2/21/2020,34,178703,0.646,0.8,7,-11.498,1,0.0863,0.105,1.79E-05,0.371,0.836,129.976,,16,3C4yEvDoFzREoCfWUoZCnO,Test Playlist 2,Quoc-Anh Duong,1214868237,2.98,G,2020
2igwFfvr1OAGX9SKDCPBwO,Empire State Of Mind,JAY-Z,3nFkdlSjzX9mRTtwJOzDYB,The Blueprint 3,2CUT0104gySOIvqwtXeFsX,9/8/2009,83,276920,0.491,0.956,11,-1.538,1,0.392,0.0295,0,0.46,0.811,173.585,east coast hip hop | gangster rap | hip hop | pop rap | rap,80,3C4yEvDoFzREoCfWUoZCnO,Test Playlist 2,Quoc-Anh Duong,1214868237,4.62,B,2009
0HZk0QsXPhMNAWNDR3rYE8,Hallelujah,Pentatonix,26AHtbjWKiwYzsoGoUZq53,A Pentatonix Christmas Deluxe,3sId8sOH47yqOWopzbEtJn,12/6/2017,59,268960,0.364,0.378,7,-7.381,0,0.0331,0.47,0,0.339,0.366,89.918,a cappella | viral pop,59,3C4yEvDoFzREoCfWUoZCnO,Test Playlist 2,Quoc-Anh Duong,1214868237,4.48,Gm,2017
4RL77hMWUq35NYnPLXBpih,Skinny Love,Birdy,2WX2uTcsvV5OnS0inACecP,Birdy,1WGjSVIw0TVfbp5KrOFiP0,11/4/2011,72,201080,0.379,0.29,4,-8.487,1,0.0513,0.952,0.000996,0.118,0.184,165.997,neo mellow | uk pop | viral pop,66,3C4yEvDoFzREoCfWUoZCnO,Test Playlist 2,Quoc-Anh Duong,1214868237,3.35,E,2011
5hnyJvgoWiQUYZttV4wXy6,Chasing Cars,Snow Patrol,3rIZMv9rysU7JkLzEaC5Jp,Eyes Open,3k7bXPw2u0C0SBKPMsgMS3,1/1/2006,82,267960,0.561,0.595,9,-4.53,1,0.0274,0.199,6.47E-05,0.132,0.144,104.006,irish rock | modern rock | neo mellow | permanent wave | pop rock,64,3C4yEvDoFzREoCfWUoZCnO,Test Playlist 2,Quoc-Anh Duong,1214868237,4.47,A,2006
0dRhSF9LV0HR8Jwd3MMMKJ,Everytime,Britney Spears,26dSoYclwsYLMAKD3tpOr4,In The Zone,0z7pVBGOD7HCIB7S8eLkLI,11/13/2003,67,230306,0.398,0.284,3,-12.852,1,0.0337,0.966,8.57E-05,0.116,0.114,109.599,dance pop | pop,77,3C4yEvDoFzREoCfWUoZCnO,Test Playlist 2,Quoc-Anh Duong,1214868237,3.84,D#,2003
1PXsUXSM3LF2XNSkmIldPb,Little Black Submarines,The Black Keys,7mnBLXK823vNxN3UWB7Gfz,El Camino,5DLhV9yOvZ7IxVmljMXtNm,12/6/2011,70,251266,0.365,0.466,2,-7.514,1,0.0418,0.161,6.68E-06,0.106,0.487,95.163,alternative rock | blues rock | garage rock | indie rock | indietronica | modern blues rock | modern rock | punk blues | rock | roots rock,71,3C4yEvDoFzREoCfWUoZCnO,Test Playlist 2,Quoc-Anh Duong,1214868237,4.19,D,2011
6C7ZgThn6Yan5MTZdAEEFw,Mama Said Knock You Out,LL COOL J,1P8IfcNKwrkQP5xJWuhaOC,Mama Said Knock You Out,7p7kcsrdoJ8DKQIMouujcb,8/27/1990,63,289693,0.791,0.759,10,-7.378,0,0.129,0.0314,0.674,0.255,0.619,102.382,east coast hip hop | golden age hip hop | hip hop | old school hip hop | queens hip hop | rap,58,3C4yEvDoFzREoCfWUoZCnO,Test Playlist 2,Quoc-Anh Duong,1214868237,4.83,A#m,1990
51rPRW8NjxZoWPPjnRGzHw,Tadow,Masego,3ycxRkcZ67ALN3GQJ57Vig,Lady Lady,2wqG59dVVQlJaxoO7N0LJt,9/7/2018,81,301893,0.704,0.487,9,-6.407,0,0.0604,0.669,8.64E-05,0.111,0.313,121.726,alternative r&b | indie soul,69,3C4yEvDoFzREoCfWUoZCnO,Test Playlist 2,Quoc-Anh Duong,1214868237,5.03,Am,2018
7hQJA50XrCWABAu5v6QZ4i,Don't Stop Me Now - Remastered 2011,Queen,1dfeR4HaWDbWqFHLkxsg1d,Jazz (Deluxe Remastered Version),21HMAUrbbYSj9NiPPlGumy,11/10/1978,75,209413,0.563,0.865,5,-5.277,1,0.16,0.0472,0.000191,0.77,0.601,156.271,classic rock | glam rock | rock,81,3C4yEvDoFzREoCfWUoZCnO,Test Playlist 2,Quoc-Anh Duong,1214868237,3.49,F,1978
3mfER4ORePHvN35cbZ3dkV,Where Are You Now,Lost Frequencies,7f5Zgnp2spUuuzKplmRkt7,All Stand Together,6Kk0U3JRoniLtiSjypjEVL,11/10/2023,79,149066,0.762,0.632,6,-8.312,0,0.085,0.51,0.000205,0.18,0.282,121.031,belgian edm | edm | pop dance | tropical house,74,3C4yEvDoFzREoCfWUoZCnO,Test Playlist 2,Quoc-Anh Duong,1214868237,2.48,F#m,2023
2tZ4GQajl2yetk2EA8SvMW,"Coyote, You're My Star",Dana and Alden,6xKRT9Uw0XOxNsmWX2vNBr,"Coyote, You're My Star",61wuHnPthO5vApg52y9n30,4/26/2024,50,125867,0.541,0.494,1,-7.608,0,0.0431,0.0595,5.61E-05,0.209,0.376,109.126,,42,3C4yEvDoFzREoCfWUoZCnO,Test Playlist 2,Quoc-Anh Duong,1214868237,2.1,C#m,2024
3qhlB30KknSejmIvZZLjOD,End of Beginning,Djo,5p9HO3XC5P3BLxJs5Mtrhm,DECIDE,4JDXBZdRPId4devseaAOKH,9/16/2022,98,159245,0.689,0.454,2,-7.643,1,0.0584,0.0351,0.00259,0.0707,0.912,159.982,pov: indie | psychedelic pop,78,3C4yEvDoFzREoCfWUoZCnO,Test Playlist 2,Quoc-Anh Duong,1214868237,2.65,D,2022
0kdqcbwei4MDWFEX5f33yG,Bling-Bang-Bang-Born,Creepy Nuts,0pWR7TsFhvSCnbmHDjWgrE,Bling-Bang-Bang-Born,6M2PMiBa5zM37GQChwBHA6,1/7/2024,89,168135,0.853,0.822,6,-6.836,0,0.246,0.0841,0.00985,0.166,0.746,157.013,j-pop,71,3C4yEvDoFzREoCfWUoZCnO,Test Playlist 2,Quoc-Anh Duong,1214868237,2.8,F#m,2024
3sUl6iXhQLGulbyDNaihDw,Sweet Talk,Iron & Wine,4M5nCE77Qaxayuhp3fVn4V,Light Verse,0dZ4tHT2Ka2kScPqLK9x1Q,4/26/2024,53,218639,0.636,0.685,8,-8.228,1,0.0279,0.178,0.156,0.0923,0.895,134.045,acoustic pop | chamber pop | indie folk | indie rock | stomp and holler,61,3C4yEvDoFzREoCfWUoZCnO,Test Playlist 2,Quoc-Anh Duong,1214868237,3.64,G#,2024
7Kpqjspw4Y7HrvItIRcBiW,Jai Ho! (You Are My Destiny),A.R. Rahman,1mYsTxnqsietFxj1OgoGbG,Jai Ho! (You Are My Destiny),1oMuVetdRIXCSOp2OgcIu5,1/1/2009,64,222400,0.657,0.941,8,-3.919,0,0.061,0.0476,0,0.0797,0.879,136.202,filmi,76,3C4yEvDoFzREoCfWUoZCnO,Test Playlist 2,Quoc-Anh Duong,1214868237,3.71,G#m,2009
3Zwu2K0Qa5sT6teCCHPShP,Thnks fr th Mmrs,Fall Out Boy,4UXqAaa6dQYAk18Lv7PEgX,Infinity On High,0hHopYqXhuvYSHtVyrcb1g,1/1/2007,79,203506,0.46,0.892,10,-5.046,0,0.0619,0.0051,0,0.106,0.59,154.844,emo | modern rock | pop | rock,76,3C4yEvDoFzREoCfWUoZCnO,Test Playlist 2,Quoc-Anh Duong,1214868237,3.39,A#m,2007
5wQnmLuC1W7ATsArWACrgW,Welcome to the Black Parade,My Chemical Romance,7FBcuc1gsnv6Y1nwFtNRCb,The Black Parade,0FZK97MXMm5mUQ8mtudjuK,10/23/2006,78,311106,0.217,0.905,2,-4.103,1,0.0752,0.000289,0.00011,0.222,0.236,96.95,emo | modern rock | pop punk | pov: indie | rock,74,3C4yEvDoFzREoCfWUoZCnO,Test Playlist 2,Quoc-Anh Duong,1214868237,5.19,D,2006
1kPBT8S2wJFNAyBMnGVZgL,I'd Rather Go Blind,Etta James,0iOVhN3tnSvgDbcg25JoJb,Tell Mama,4ReJ59T4YxC62WkfyVTWpr,4/18/1968,78,156653,0.477,0.433,11,-6.473,0,0.0247,0.689,0.000195,0.151,0.611,82.52,jazz blues | soul | soul blues | torch song | vocal jazz,66,3C4yEvDoFzREoCfWUoZCnO,Test Playlist 2,Quoc-Anh Duong,1214868237,2.61,Bm,1968
2QjOHCTQ1Jl3zawyYOpxh6,Sweater Weather,The Neighbourhood,77SW9BnxLY8rJ0RciFqkHh,I Love You.,4xkM0BwLM9H2IUcbYzpcBI,4/19/2013,89,240400,0.612,0.807,10,-2.81,1,0.0336,0.0495,0.0177,0.101,0.398,124.053,modern alternative rock | modern rock | pop,80,3C4yEvDoFzREoCfWUoZCnO,Test Playlist 2,Quoc-Anh Duong,1214868237,4.01,A#,2013
0t6qpXXwi9Mev4m2DaYr0D,Queen,Gramatik,179BpmLkQCRIoU68Co80f5,Queen,3XR8FN0cFnpi1A8wUKjirn,4/26/2024,46,282315,0.644,0.863,6,-5.429,0,0.0912,0.143,0.0143,0.82,0.65,94.981,downtempo | instrumental hip hop | jazz boom bap | jazztronica | livetronica | slovenian electronic | trip hop,52,3C4yEvDoFzREoCfWUoZCnO,Test Playlist 2,Quoc-Anh Duong,1214868237,4.71,F#m,2024
3AfHjDjQcA8yyMyCMCZ77V,Higher,Pretty Girl,6KkltYAOOGsCaW7dO9jF98,Higher,46nHHymUyr3YZlxNRK9Y5h,4/24/2024,39,212463,0.765,0.791,8,-8.48,0,0.08,0.00622,0.545,0.111,0.575,127.994,,40,3C4yEvDoFzREoCfWUoZCnO,Test Playlist 2,Quoc-Anh Duong,1214868237,3.54,G#m,2024
1E7ernXLGM9tS7Ng5fNycn,hair down,thủy,3R80OE4RViOWbnuvqh0j8a,hair down,5djAY9zWdFiHnzrpcyV7R5,4/12/2024,58,210027,0.737,0.741,2,-4.329,0,0.0449,0.247,0,0.0857,0.502,77.992,bedroom r&b | chill r&b,57,3C4yEvDoFzREoCfWUoZCnO,Test Playlist 2,Quoc-Anh Duong,1214868237,3.5,Dm,2024
0bYg9bo50gSsH3LtXe2SQn,All I Want for Christmas Is You,Mariah Carey,4iHNK0tOyZPYnBU7nGAgpQ,Merry Christmas,61ulfFSmmxMhc2wCdmdMkN,10/28/1994,69,241106,0.336,0.627,7,-7.463,1,0.0384,0.164,0,0.0708,0.35,150.273,dance pop | pop | urban contemporary,74,3C4yEvDoFzREoCfWUoZCnO,Test Playlist 2,Quoc-Anh Duong,1214868237,4.02,G,1994
5HNCy40Ni5BZJFw1TKzRsC,Comfortably Numb,Pink Floyd,0k17h0D3J5VfsdmQ1iZtE9,The Wall,5Dbax7G8SWrP9xyzkOvy2F,11/30/1979,73,382296,0.472,0.366,11,-12.595,0,0.0286,0.15,0.312,0.0837,0.171,127.163,album rock | art rock | classic rock | progressive rock | psychedelic rock | rock | symphonic rock,75,3C4yEvDoFzREoCfWUoZCnO,Test Playlist 2,Quoc-Anh Duong,1214868237,6.37,Bm,1979
210JJAa9nJOgNa0YNrsT5g,GODS,League of Legends,47mIJdHORyRerp4os813jD,GODS,0rAaP1OBxVCn2cIUZNjGRs,10/4/2023,78,220878,0.588,0.765,3,-5.914,0,0.0518,0.00685,3.23E-05,0.2,0.492,145.988,speedrun | video game music,73,3C4yEvDoFzREoCfWUoZCnO,Test Playlist 2,Quoc-Anh Duong,1214868237,3.68,D#m,2023
152lZdxL1OR0ZMW6KquMif,Location,Khalid,6LuN9FCkKOj5PcnpouEgny,American Teen,6kf46HbnYCZzP6rjvQHYzg,4/27/2017,78,219080,0.736,0.449,1,-11.462,0,0.425,0.33,0.000162,0.0898,0.326,80.126,pop | pop r&b,80,3C4yEvDoFzREoCfWUoZCnO,Test Playlist 2,Quoc-Anh Duong,1214868237,3.65,C#m,2017
2bw4WgXyXP90hIex7ur58y,The Imperial March (Darth Vader's Theme),John Williams,3dRfiJ2650SZu6GbydcHNb,Star Wars: The Empire Strikes Back (Original Motion Picture Soundtrack),44TnXcUjTIHPBBROepl99a,1/1/1980,59,179573,0.577,0.379,7,-13.82,0,0.0368,0.753,0.955,0.126,0.284,103.112,orchestral soundtrack | soundtrack,67,3C4yEvDoFzREoCfWUoZCnO,Test Playlist 2,Quoc-Anh Duong,1214868237,2.99,Gm,1980
3oUEzTAoOxqZHN4xiqTGqJ,Bécane - A COLORS SHOW,Yamê,0wiCfDEHaEcPkKZOi7Nivl,Bécane - A COLORS SHOW,7oBuvko8hsXKXHEUHvDXnB,6/1/2023,78,182440,0.505,0.527,10,-7.765,1,0.0958,0.327,0,0.0974,0.235,120.462,,60,3C4yEvDoFzREoCfWUoZCnO,Test Playlist 2,Quoc-Anh Duong,1214868237,3.04,A#,2023
4gacG0EFSqvgVXEbPX8gCY,Killing Strangers,Marilyn Manson,2VYQTNDsvvKN9wmU5W7xpj,THE PALE EMPEROR,3ujWbyBHwZjiA9K9Ti9M0A,1/1/2015,51,336480,0.593,0.549,5,-5.952,1,0.0376,0.00977,2.78E-06,0.132,0.512,60.003,alternative metal | hard rock | industrial | industrial metal | industrial rock | nu metal | post-grunge | rock,66,3C4yEvDoFzREoCfWUoZCnO,Test Playlist 2,Quoc-Anh Duong,1214868237,5.61,F,2015
34KTEhpPjq6IAgQg2yzJAL,Californication,Red Hot Chili Peppers,0L8ExT028jH3ddEcZwqJJ5,Californication,0fLhefnjlIV3pGNF9Wo8CD,6/8/1999,59,329733,0.592,0.767,9,-2.788,0,0.027,0.0021,0.00165,0.127,0.328,96.483,alternative rock | funk metal | funk rock | permanent wave | rock,79,3C4yEvDoFzREoCfWUoZCnO,Test Playlist 2,Quoc-Anh Duong,1214868237,5.5,Am,1999
6urCAbunOQI4bLhmGpX7iS,Don't Speak,No Doubt,0cQbJU1aAzvbEmTuljWLlF,Tragic Kingdom,3VekjWskUut57hx6W9wqL8,10/10/1995,79,263560,0.52,0.709,5,-7.125,0,0.0352,0.247,1.78E-05,0.18,0.536,76.039,dance pop | dance rock | permanent wave | pop rock | rock,66,3C4yEvDoFzREoCfWUoZCnO,Test Playlist 2,Quoc-Anh Duong,1214868237,4.39,Fm,1995
66ZcOcouenzZEnzTJvoFmH,The Sweet Escape,Gwen Stefani,4yiQZ8tQPux8cPriYMWUFP,The Sweet Escape,7xnZ539lh8x6de9jzlpCJp,1/1/2006,74,246466,0.756,0.769,1,-3.502,1,0.0344,0.191,0,0.178,0.73,119.961,dance pop | pop,70,3C4yEvDoFzREoCfWUoZCnO,Test Playlist 2,Quoc-Anh Duong,1214868237,4.11,C#,2006
5j23ld6FltG8hfdjqABQNc,"Doraemon Theme Song: Yume Wo Kantete Doraemon (From ""Doraemon, the Movie 2016: Nobita and the Birth of Japan"") [Extended Version]",Anime Project,4xJ8KBmZbjrLBagr9xNnyi,"Doraemon, Nobita and the Birth of Japan",1Ockf8rFqUgmocR3z3ZxUb,12/9/2021,26,245938,0.0886,0.718,5,-11.329,1,0.0579,0.059,0,0.122,0.543,185.286,otacore,18,3C4yEvDoFzREoCfWUoZCnO,Test Playlist 2,Quoc-Anh Duong,1214868237,4.1,F,2021
6gBFPUFcJLzWGx4lenP6h2,goosebumps,Travis Scott,0Y5tJX1MQlPlqiwlOH1tJY,Birds In The Trap Sing McKnight,42WVQWuf1teDysXiOupIZt,9/16/2016,87,243836,0.841,0.728,7,-3.37,1,0.0484,0.0847,0,0.149,0.43,130.049,hip hop | rap | slap house,90,3C4yEvDoFzREoCfWUoZCnO,Test Playlist 2,Quoc-Anh Duong,1214868237,4.06,G,2016
2XU0oxnq2qxCpomAAuJY8K,Dance Monkey,Tones And I,2NjfBq1NflQcKSeiDooVjY,Dance Monkey (Stripped Back) / Dance Monkey,0UywfDKYlyiu1b38DRrzYD,10/17/2019,75,209438,0.824,0.588,6,-6.4,0,0.0924,0.692,0.000104,0.149,0.513,98.027,australian pop,66,3C4yEvDoFzREoCfWUoZCnO,Test Playlist 2,Quoc-Anh Duong,1214868237,3.49,F#m,2019
0tgVpDi06FyKpA1z0VMD4v,Perfect,Ed Sheeran,6eUKZXaKkcviH0Ku9w2n3V,÷ (Deluxe),3T4tUhGYeRNVUGevb0wThu,3/3/2017,87,263400,0.599,0.448,8,-6.312,1,0.0232,0.163,0,0.106,0.168,95.05,pop | singer-songwriter pop | uk pop,84,3C4yEvDoFzREoCfWUoZCnO,Test Playlist 2,Quoc-Anh Duong,1214868237,4.39,G#,2017
7qEHsqek33rTcFNT9PFqLf,Someone You Loved,Lewis Capaldi,4GNC7GD6oZMSxPGyXy4MNB,Divinely Uninspired To A Hellish Extent,5658aM19fA3JVwTK6eQX70,5/17/2019,89,182160,0.501,0.405,1,-5.679,1,0.0319,0.751,0,0.105,0.446,109.891,pop | uk pop,77,3C4yEvDoFzREoCfWUoZCnO,Test Playlist 2,Quoc-Anh Duong,1214868237,3.04,C#,2019
4r6eNCsrZnQWJzzvFh4nlg,Firework,Katy Perry,6jJ0s89eD6GaHleKKya26X,Teenage Dream,2eQMC9nJE3f3hCNKlYYHL1,1/1/2010,72,227893,0.638,0.831,8,-5.039,1,0.049,0.142,0,0.113,0.649,124.071,pop,80,3C4yEvDoFzREoCfWUoZCnO,Test Playlist 2,Quoc-Anh Duong,1214868237,3.8,G#,2010
0e7ipj03S05BNilyu5bRzt,rockstar (feat. 21 Savage),Post Malone,246dkjvS1zLTtiykXe5h60,beerbongs & bentleys,6trNtQUgC8cgbWcqoMYkOR,4/27/2018,83,218146,0.585,0.52,5,-6.136,0,0.0713,0.124,7.75E-05,0.131,0.129,159.798,dfw rap | melodic rap | pop | rap,87,3C4yEvDoFzREoCfWUoZCnO,Test Playlist 2,Quoc-Anh Duong,1214868237,3.64,Fm,2018
2nMeu6UenVvwUktBCpLMK9,Young And Beautiful,Lana Del Rey,00FQb4jTyendYWaN8pK0wa,Young And Beautiful,1D92WOHWUI2AGQCCdplcXL,1/1/2013,86,236053,0.324,0.416,11,-8.92,0,0.0368,0.262,3.69E-05,0.11,0.151,113.986,art pop | pop,87,3C4yEvDoFzREoCfWUoZCnO,Test Playlist 2,Quoc-Anh Duong,1214868237,3.93,Bm,2013
5fVZC9GiM4e8vu99W0Xf6J,How to Save a Life,The Fray,0zOcE3mg9nS6l3yxt1Y0bK,How To Save A Life,1IM3GwptCGYjRkzCBolyFK,9/13/2005,80,262533,0.64,0.743,10,-4.08,1,0.0379,0.269,0,0.101,0.361,122.035,neo mellow | piano rock | pop | pop rock,67,3C4yEvDoFzREoCfWUoZCnO,Test Playlist 2,Quoc-Anh Duong,1214868237,4.38,A#,2005
1DFD5Fotzgn6yYXkYsKiGs,Piece Of Your Heart,MEDUZA,0xRXCcSX89eobfrshSVdyu,Piece Of Your Heart,0cqRGWD3uc5Lggpducn5nD,2/1/2019,70,152913,0.677,0.744,10,-6.806,0,0.0295,0.0404,0.00016,0.074,0.631,124.08,edm | pop dance | pop house | uk dance,72,3C4yEvDoFzREoCfWUoZCnO,Test Playlist 2,Quoc-Anh Duong,1214868237,2.55,A#m,2019
7t2bFihaDvhIrd2gn2CWJO,"Or Nah (feat. The Weeknd, Wiz Khalifa & DJ Mustard) - Remix",Ty Dolla $ign,7c0XG5cIJTrrAgEC3ULPiq,"Or Nah (feat. The Weeknd, Wiz Khalifa & DJ Mustard) [Remix]",3SHx7bBQFI4J8QRr6D5cOK,6/10/2014,80,242983,0.805,0.33,1,-8.712,0,0.1,0.22,0,0.105,0.211,121.97,hip hop | pop rap | r&b | southern hip hop | trap | trap soul,83,3C4yEvDoFzREoCfWUoZCnO,Test Playlist 2,Quoc-Anh Duong,1214868237,4.05,C#m,2014
5k38wzpLb15YgncyWdTZE4,Him & I (with Halsey),G-Eazy,02kJSzxNuaWGqwubyUba0Z,The Beautiful & Damned,1VAc77UvK5wj8ZSWCo3V2b,12/15/2017,78,268866,0.589,0.731,2,-6.343,1,0.0868,0.0534,0,0.308,0.191,87.908,indie pop rap | oakland hip hop | pop rap | rap,75,3C4yEvDoFzREoCfWUoZCnO,Test Playlist 2,Quoc-Anh Duong,1214868237,4.48,D,2017
6FZDfxM3a3UCqtzo5pxSLZ,Without Me,Halsey,26VFTg2z8YR0cCuwLzESi2,Manic,68enXe5XcJdciSDAZr0Alr,1/17/2020,81,201660,0.752,0.488,6,-7.05,1,0.0705,0.293,9.20E-06,0.0936,0.533,136.07,electropop | etherpop | indie poptimism | pop,77,3C4yEvDoFzREoCfWUoZCnO,Test Playlist 2,Quoc-Anh Duong,1214868237,3.36,F#,2020
3QwBODjSEzelZyVjxPOHdq,Otra vez (feat. J Balvin),Zion & Lennox,21451j1KhjAiaYKflxBjr1,Motivan2,22lEQJ7khtB2yvsq84FDQb,9/30/2016,74,209453,0.832,0.772,10,-5.429,1,0.1,0.0559,0.000486,0.44,0.704,96.016,reggaeton | urbano latino,72,3C4yEvDoFzREoCfWUoZCnO,Test Playlist 2,Quoc-Anh Duong,1214868237,3.49,A#,2016
1fewSx2d5KIZ04wsooEBOz,Space Cadet (feat. Gunna),Metro Boomin,0iEtIxbK0KxaSlF7G42ZOp,NOT ALL HEROES WEAR CAPES (Deluxe),3IO8IPjwXuzPJnoaqkwYrj,11/6/2018,81,203266,0.901,0.464,5,-9.789,0,0.0645,0.368,1.82E-05,0.238,0.638,109.004,rap,90,3C4yEvDoFzREoCfWUoZCnO,Test Playlist 2,Quoc-Anh Duong,1214868237,3.39,Fm,2018
2vXKRlJBXyOcvZYTdNeckS,Lost in the Fire (feat. The Weeknd),Gesaffelstein,3hteYQFiMFbJY7wS0xDymP,Hyperion,0JA38Ekhsv43y2lBj5GQkQ,3/8/2019,82,202093,0.658,0.671,2,-12.21,1,0.0364,0.0928,0.000919,0.115,0.165,100.967,dark clubbing,69,3C4yEvDoFzREoCfWUoZCnO,Test Playlist 2,Quoc-Anh Duong,1214868237,3.37,D,2019
7ueP5u2qkdZbIPN2YA6LR0,Sail,AWOLNATION,4njdEjTnLfcGImKZu1iSrz,Megalithic Symphony,1fag8cnc5p4Umu4tRMAsLv,3/15/2011,74,259093,0.826,0.436,1,-9.583,1,0.0558,0.441,0.615,0.0964,0.272,119.051,la indie | modern alternative rock | modern rock | rock | stomp pop,58,3C4yEvDoFzREoCfWUoZCnO,Test Playlist 2,Quoc-Anh Duong,1214868237,4.32,C#,2011
5jE48hhRu8E6zBDPRSkEq7,All About That Bass,Meghan Trainor,6JL8zeS1NmiOftqZTRgdTz,Title (Deluxe),5W98Ab4VvQEuFEE4TIe5fE,1/9/2015,74,187920,0.807,0.887,9,-3.726,1,0.0503,0.0573,2.87E-06,0.124,0.961,134.052,hip pop | pop,74,3C4yEvDoFzREoCfWUoZCnO,Test Playlist 2,Quoc-Anh Duong,1214868237,3.13,A,2015
4kbj5MwxO1bq9wjT5g9HaA,Shut Up and Dance,WALK THE MOON,6DIS6PRrLS3wbnZsf7vYic,TALKING IS HARD,3mNoFlD1wsoXfkljfFzExT,12/2/2014,86,199080,0.578,0.866,1,-3.804,1,0.0619,0.00701,0,0.257,0.619,128.038,dance rock | modern alternative rock | modern rock | neo mellow | pop rock,66,3C4yEvDoFzREoCfWUoZCnO,Test Playlist 2,Quoc-Anh Duong,1214868237,3.32,C#,2014
3goSVuTt3fDYDP6kRnFwuL,Take A Bow,Rihanna,5pKCCKE2ajJHZ9KAiaK11H,Good Girl Gone Bad: Reloaded,3JSWZWeTHF4HDGt5Eozdy7,6/2/2008,75,229413,0.518,0.467,9,-7.536,1,0.162,0.248,0,0.0941,0.559,79.965,barbadian pop | pop | urban contemporary,87,3C4yEvDoFzREoCfWUoZCnO,Test Playlist 2,Quoc-Anh Duong,1214868237,3.82,A,2008
